live_url,live_path,demo_path,section,slug,title,in_sitemap,in_scrape,action,note
https://zorgtech.com/catalog/product/apriori-19-keyboard/,/catalog/product/apriori-19-keyboard/,/catalog/product/apriori-19-keyboard,product,apriori-19-keyboard,Apriori 19 Keyboard,yes,yes,keep,"Путь совпадает с живым Bitrix (демо подтянуто). На Bitrix оставить как есть, meta в HTML сервера"
https://zorgtech.com/catalog/product/apriori-19-print-a4/,/catalog/product/apriori-19-print-a4/,/catalog/product/apriori-19-print-a4,product,apriori-19-print-a4,Apriori 19 Print A4,yes,yes,keep,"Путь совпадает с живым Bitrix (демо подтянуто). На Bitrix оставить как есть, meta в HTML сервера"
https://zorgtech.com/catalog/product/apriori-19-print/,/catalog/product/apriori-19-print/,/catalog/product/apriori-19-print,product,apriori-19-print,Apriori 19 Print-Scan,yes,yes,keep,"Путь совпадает с живым Bitrix (демо подтянуто). На Bitrix оставить как есть, meta в HTML сервера"
https://zorgtech.com/catalog/product/apriori-22-key/,/catalog/product/apriori-22-key/,/catalog/product/apriori-22-key,product,apriori-22-key,Apriori 22 Key,yes,yes,keep,"Путь совпадает с живым Bitrix (демо подтянуто). На Bitrix оставить как есть, meta в HTML сервера"
https://zorgtech.com/catalog/product/apriori-22/,/catalog/product/apriori-22/,/catalog/product/apriori-22,product,apriori-22,Apriori 22,yes,yes,keep,"Путь совпадает с живым Bitrix (демо подтянуто). На Bitrix оставить как есть, meta в HTML сервера"
https://zorgtech.com/catalog/product/apriori/,/catalog/product/apriori/,/catalog/product/apriori,product,apriori,Apriori 19,yes,yes,keep,"Путь совпадает с живым Bitrix (демо подтянуто). На Bitrix оставить как есть, meta в HTML сервера"
https://zorgtech.com/catalog/product/diamant-22-f/,/catalog/product/diamant-22-f/,/catalog/product/diamant-22-f,product,diamant-22-f,Diamant 22 F,yes,yes,keep,"Путь совпадает с живым Bitrix (демо подтянуто). На Bitrix оставить как есть, meta в HTML сервера"
https://zorgtech.com/catalog/product/diamant-32-f-general/,/catalog/product/diamant-32-f-general/,/catalog/product/diamant-32-f-general,product,diamant-32-f-general,Diamant 32 F General,yes,yes,keep,"Путь совпадает с живым Bitrix (демо подтянуто). На Bitrix оставить как есть, meta в HTML сервера"
https://zorgtech.com/catalog/product/diamant-32-f-key/,/catalog/product/diamant-32-f-key/,/catalog/product/diamant-32-f-key,product,diamant-32-f-key,Diamant 32 F Key,yes,yes,keep,"Путь совпадает с живым Bitrix (демо подтянуто). На Bitrix оставить как есть, meta в HTML сервера"
https://zorgtech.com/catalog/product/diamant-32-f-print/,/catalog/product/diamant-32-f-print/,/catalog/product/diamant-32-f-print,product,diamant-32-f-print,Diamant 32 F Print,yes,yes,keep,"Путь совпадает с живым Bitrix (демо подтянуто). На Bitrix оставить как есть, meta в HTML сервера"
https://zorgtech.com/catalog/product/diamant-32-f/,/catalog/product/diamant-32-f/,/catalog/product/diamant-32-f,product,diamant-32-f,Diamant 32 F,yes,yes,keep,"Путь совпадает с живым Bitrix (демо подтянуто). На Bitrix оставить как есть, meta в HTML сервера"
https://zorgtech.com/catalog/product/diamant-32-fe-pro/,/catalog/product/diamant-32-fe-pro/,/catalog/product/diamant-32-fe-pro,product,diamant-32-fe-pro,Diamant 32 FE Pro,yes,yes,keep,"Путь совпадает с живым Bitrix (демо подтянуто). На Bitrix оставить как есть, meta в HTML сервера"
https://zorgtech.com/catalog/product/diamant-32-fe/,/catalog/product/diamant-32-fe/,/catalog/product/diamant-32-fe,product,diamant-32-fe,Diamant 32 FE,yes,yes,keep,"Путь совпадает с живым Bitrix (демо подтянуто). На Bitrix оставить как есть, meta в HTML сервера"
https://zorgtech.com/catalog/product/diamant-43-f-general/,/catalog/product/diamant-43-f-general/,/catalog/product/diamant-43-f-general,product,diamant-43-f-general,Diamant 43 F General,yes,yes,keep,"Путь совпадает с живым Bitrix (демо подтянуто). На Bitrix оставить как есть, meta в HTML сервера"
https://zorgtech.com/catalog/product/diamant-43-f-print/,/catalog/product/diamant-43-f-print/,/catalog/product/diamant-43-f-print,product,diamant-43-f-print,Diamant 43 F Print,yes,yes,keep,"Путь совпадает с живым Bitrix (демо подтянуто). На Bitrix оставить как есть, meta в HTML сервера"
https://zorgtech.com/catalog/product/diamant-43-f/,/catalog/product/diamant-43-f/,/catalog/product/diamant-43-f,product,diamant-43-f,Diamant 43 F,yes,yes,keep,"Путь совпадает с живым Bitrix (демо подтянуто). На Bitrix оставить как есть, meta в HTML сервера"
https://zorgtech.com/catalog/product/diamant-43-fl/,/catalog/product/diamant-43-fl/,/catalog/product/diamant-43-fl,product,diamant-43-fl,Diamant 43 FE,no,yes,keep,"Путь совпадает с живым Bitrix (демо подтянуто). На Bitrix оставить как есть, meta в HTML сервера"
https://zorgtech.com/catalog/product/diamant-49-f-general/,/catalog/product/diamant-49-f-general/,/catalog/product/diamant-49-f-general,product,diamant-49-f-general,Diamant 50 F General,yes,yes,keep,"Путь совпадает с живым Bitrix (демо подтянуто). На Bitrix оставить как есть, meta в HTML сервера"
https://zorgtech.com/catalog/product/diamant-49-f-print/,/catalog/product/diamant-49-f-print/,/catalog/product/diamant-49-f-print,product,diamant-49-f-print,Diamant 50 F Print,yes,yes,keep,"Путь совпадает с живым Bitrix (демо подтянуто). На Bitrix оставить как есть, meta в HTML сервера"
https://zorgtech.com/catalog/product/diamant-49-f-retail/,/catalog/product/diamant-49-f-retail/,/catalog/product/diamant-49-f-retail,product,diamant-49-f-retail,Diamant 50 F Retail,yes,yes,keep,"Путь совпадает с живым Bitrix (демо подтянуто). На Bitrix оставить как есть, meta в HTML сервера"
https://zorgtech.com/catalog/product/diamant-49-f/,/catalog/product/diamant-49-f/,/catalog/product/diamant-49-f,product,diamant-49-f,Diamant 50 F,yes,yes,keep,"Путь совпадает с живым Bitrix (демо подтянуто). На Bitrix оставить как есть, meta в HTML сервера"
https://zorgtech.com/catalog/product/diamant-55-f/,/catalog/product/diamant-55-f/,/catalog/product/diamant-55-f,product,diamant-55-f,Diamant 55 F,yes,yes,keep,"Путь совпадает с живым Bitrix (демо подтянуто). На Bitrix оставить как есть, meta в HTML сервера"
https://zorgtech.com/catalog/product/diamant-65-f/,/catalog/product/diamant-65-f/,/catalog/product/diamant-65-f,product,diamant-65-f,Diamant 65 F,yes,yes,keep,"Путь совпадает с живым Bitrix (демо подтянуто). На Bitrix оставить как есть, meta в HTML сервера"
https://zorgtech.com/catalog/product/diamant-75-f/,/catalog/product/diamant-75-f/,/catalog/product/diamant-75-f,product,diamant-75-f,Diamant 75 F,yes,yes,keep,"Путь совпадает с живым Bitrix (демо подтянуто). На Bitrix оставить как есть, meta в HTML сервера"
https://zorgtech.com/catalog/product/diamant-86-f-grand/,/catalog/product/diamant-86-f-grand/,/catalog/product/diamant-86-f-grand,product,diamant-86-f-grand,Diamant 86 F Grand,yes,yes,keep,"Путь совпадает с живым Bitrix (демо подтянуто). На Bitrix оставить как есть, meta в HTML сервера"
https://zorgtech.com/catalog/product/interaktivnyy-kiosk-apriori-19-print/,/catalog/product/interaktivnyy-kiosk-apriori-19-print/,/catalog/product/interaktivnyy-kiosk-apriori-19-print,product,interaktivnyy-kiosk-apriori-19-print,"Apriori 19"" Print",yes,yes,keep,"Путь совпадает с живым Bitrix (демо подтянуто). На Bitrix оставить как есть, meta в HTML сервера"
https://zorgtech.com/catalog/product/mono-32-f-scan/,/catalog/product/mono-32-f-scan/,/catalog/product/mono-32-f-scan,product,mono-32-f-scan,Mono 32 F Scan,yes,yes,keep,"Путь совпадает с живым Bitrix (демо подтянуто). На Bitrix оставить как есть, meta в HTML сервера"
https://zorgtech.com/catalog/product/mono-32-f/,/catalog/product/mono-32-f/,/catalog/product/mono-32-f,product,mono-32-f,Mono 32 F,yes,yes,keep,"Путь совпадает с живым Bitrix (демо подтянуто). На Bitrix оставить как есть, meta в HTML сервера"
https://zorgtech.com/catalog/product/mono-43-f/,/catalog/product/mono-43-f/,/catalog/product/mono-43-f,product,mono-43-f,Mono 43 F,yes,yes,keep,"Путь совпадает с живым Bitrix (демо подтянуто). На Bitrix оставить как есть, meta в HTML сервера"
https://zorgtech.com/catalog/product/diamant-22-n/,/catalog/product/diamant-22-n/,/catalog/product/diamant-22-n,product,diamant-22-n,Diamant 22 N,yes,yes,keep,"Путь совпадает с живым Bitrix (демо подтянуто). На Bitrix оставить как есть, meta в HTML сервера"
https://zorgtech.com/catalog/product/diamant-32-n/,/catalog/product/diamant-32-n/,/catalog/product/diamant-32-n,product,diamant-32-n,Diamant 32 N,yes,yes,keep,"Путь совпадает с живым Bitrix (демо подтянуто). На Bitrix оставить как есть, meta в HTML сервера"
https://zorgtech.com/catalog/product/diamant-32-ne/,/catalog/product/diamant-32-ne/,/catalog/product/diamant-32-ne,product,diamant-32-ne,Diamant 32 NE,yes,yes,keep,"Путь совпадает с живым Bitrix (демо подтянуто). На Bitrix оставить как есть, meta в HTML сервера"
https://zorgtech.com/catalog/product/diamant-43-n/,/catalog/product/diamant-43-n/,/catalog/product/diamant-43-n,product,diamant-43-n,Diamant 43 N,yes,yes,keep,"Путь совпадает с живым Bitrix (демо подтянуто). На Bitrix оставить как есть, meta в HTML сервера"
https://zorgtech.com/catalog/product/diamant-49-n/,/catalog/product/diamant-49-n/,/catalog/product/diamant-49-n,product,diamant-49-n,Diamant 50 N,yes,yes,keep,"Путь совпадает с живым Bitrix (демо подтянуто). На Bitrix оставить как есть, meta в HTML сервера"
https://zorgtech.com/catalog/product/diamant-55-n/,/catalog/product/diamant-55-n/,/catalog/product/diamant-55-n,product,diamant-55-n,Diamant 55 N,yes,yes,keep,"Путь совпадает с живым Bitrix (демо подтянуто). На Bitrix оставить как есть, meta в HTML сервера"
https://zorgtech.com/catalog/product/diamant-55-ne/,/catalog/product/diamant-55-ne/,/catalog/product/diamant-55-ne,product,diamant-55-ne,Diamant 55 NE,yes,yes,keep,"Путь совпадает с живым Bitrix (демо подтянуто). На Bitrix оставить как есть, meta в HTML сервера"
https://zorgtech.com/catalog/product/mono-32-n/,/catalog/product/mono-32-n/,/catalog/product/mono-32-n,product,mono-32-n,Mono 32 N,yes,yes,keep,"Путь совпадает с живым Bitrix (демо подтянуто). На Bitrix оставить как есть, meta в HTML сервера"
https://zorgtech.com/catalog/product/mono-55-t/,/catalog/product/mono-55-t/,/catalog/product/mono-55-t,product,mono-55-t,Mono 55 T,yes,yes,keep,"Путь совпадает с живым Bitrix (демо подтянуто). На Bitrix оставить как есть, meta в HTML сервера"
https://zorgtech.com/catalog/product/diamant-22-w/,/catalog/product/diamant-22-w/,/catalog/product/diamant-22-w,product,diamant-22-w,Diamant 22 W,yes,yes,keep,"Путь совпадает с живым Bitrix (демо подтянуто). На Bitrix оставить как есть, meta в HTML сервера"
https://zorgtech.com/catalog/product/diamant-32-w-print/,/catalog/product/diamant-32-w-print/,/catalog/product/diamant-32-w-print,product,diamant-32-w-print,Diamant 32 W Print,yes,yes,keep,"Путь совпадает с живым Bitrix (демо подтянуто). На Bitrix оставить как есть, meta в HTML сервера"
https://zorgtech.com/catalog/product/diamant-32-w/,/catalog/product/diamant-32-w/,/catalog/product/diamant-32-w,product,diamant-32-w,Diamant 32 W,yes,yes,keep,"Путь совпадает с живым Bitrix (демо подтянуто). На Bitrix оставить как есть, meta в HTML сервера"
https://zorgtech.com/catalog/product/diamant-32-we/,/catalog/product/diamant-32-we/,/catalog/product/diamant-32-we,product,diamant-32-we,Diamant 32 WE,yes,yes,keep,"Путь совпадает с живым Bitrix (демо подтянуто). На Bitrix оставить как есть, meta в HTML сервера"
https://zorgtech.com/catalog/product/diamant-43-w/,/catalog/product/diamant-43-w/,/catalog/product/diamant-43-w,product,diamant-43-w,Diamant 43 W,yes,yes,keep,"Путь совпадает с живым Bitrix (демо подтянуто). На Bitrix оставить как есть, meta в HTML сервера"
https://zorgtech.com/catalog/product/diamant-49-w/,/catalog/product/diamant-49-w/,/catalog/product/diamant-49-w,product,diamant-49-w,Diamant 50 W,yes,yes,keep,"Путь совпадает с живым Bitrix (демо подтянуто). На Bitrix оставить как есть, meta в HTML сервера"
https://zorgtech.com/catalog/product/diamant-55-w/,/catalog/product/diamant-55-w/,/catalog/product/diamant-55-w,product,diamant-55-w,Diamant 55 W,yes,yes,keep,"Путь совпадает с живым Bitrix (демо подтянуто). На Bitrix оставить как есть, meta в HTML сервера"
https://zorgtech.com/catalog/product/mono-19-f/,/catalog/product/mono-19-f/,/catalog/product/mono-19-f,product,mono-19-f,Mono 19 F,yes,yes,keep,"Путь совпадает с живым Bitrix (демо подтянуто). На Bitrix оставить как есть, meta в HTML сервера"
https://zorgtech.com/catalog/product/diamant-46-f-outdoor/,/catalog/product/diamant-46-f-outdoor/,/catalog/product/diamant-46-f-outdoor,product,diamant-46-f-outdoor,Diamant 46 F Outdoor,yes,yes,keep,"Путь совпадает с живым Bitrix (демо подтянуто). На Bitrix оставить как есть, meta в HTML сервера"
https://zorgtech.com/catalog/product/diamant-55-f-outdoor-dual/,/catalog/product/diamant-55-f-outdoor-dual/,/catalog/product/diamant-55-f-outdoor-dual,product,diamant-55-f-outdoor-dual,Diamant 55 F Outdoor Dual,yes,yes,keep,"Путь совпадает с живым Bitrix (демо подтянуто). На Bitrix оставить как есть, meta в HTML сервера"
https://zorgtech.com/catalog/product/diamant-55-f-outdoor/,/catalog/product/diamant-55-f-outdoor/,/catalog/product/diamant-55-f-outdoor,product,diamant-55-f-outdoor,Diamant 55 F Outdoor,yes,yes,keep,"Путь совпадает с живым Bitrix (демо подтянуто). На Bitrix оставить как есть, meta в HTML сервера"
https://zorgtech.com/catalog/product/diamant-32-wa-pay/,/catalog/product/diamant-32-wa-pay/,/catalog/product/diamant-32-wa-pay,product,diamant-32-wa-pay,Diamant 32 WA Pay,yes,yes,keep,"Путь совпадает с живым Bitrix (демо подтянуто). На Bitrix оставить как есть, meta в HTML сервера"
https://zorgtech.com/catalog/product/diamant-32-wea-pay/,/catalog/product/diamant-32-wea-pay/,/catalog/product/diamant-32-wea-pay,product,diamant-32-wea-pay,Diamant 32 WEA Pay,yes,yes,keep,"Путь совпадает с живым Bitrix (демо подтянуто). На Bitrix оставить как есть, meta в HTML сервера"
https://zorgtech.com/catalog/product/mono-32-fa-pin/,/catalog/product/mono-32-fa-pin/,/catalog/product/mono-32-fa-pin,product,mono-32-fa-pin,Mono 32 FA PIN,yes,yes,keep,"Путь совпадает с живым Bitrix (демо подтянуто). На Bitrix оставить как есть, meta в HTML сервера"
https://zorgtech.com/catalog/product/beskontaktnyy-dezinfektor-agat-5/,/catalog/product/beskontaktnyy-dezinfektor-agat-5/,/catalog/product/beskontaktnyy-dezinfektor-agat-5,product,beskontaktnyy-dezinfektor-agat-5,Бесконтактный дезинфектор Агат 5,yes,yes,keep,"Путь совпадает с живым Bitrix (демо подтянуто). На Bitrix оставить как есть, meta в HTML сервера"
https://zorgtech.com/catalog/product/beskontaktnyy-dezinfektor-agat-7/,/catalog/product/beskontaktnyy-dezinfektor-agat-7/,/catalog/product/beskontaktnyy-dezinfektor-agat-7,product,beskontaktnyy-dezinfektor-agat-7,Бесконтактный дезинфектор Агат 7,yes,yes,keep,"Путь совпадает с живым Bitrix (демо подтянуто). На Bitrix оставить как есть, meta в HTML сервера"
https://zorgtech.com/catalog/product/beskontaktnyy-dezinfektor-agat-9/,/catalog/product/beskontaktnyy-dezinfektor-agat-9/,/catalog/product/beskontaktnyy-dezinfektor-agat-9,product,beskontaktnyy-dezinfektor-agat-9,Бесконтактный дезинфектор Агат 9,yes,yes,keep,"Путь совпадает с живым Bitrix (демо подтянуто). На Bitrix оставить как есть, meta в HTML сервера"
https://zorgtech.com/catalog/product/diamant-intercon/,/catalog/product/diamant-intercon/,/catalog/product/diamant-intercon,product,diamant-intercon,Diamant InterCon,yes,yes,keep,"Путь совпадает с живым Bitrix (демо подтянуто). На Bitrix оставить как есть, meta в HTML сервера"
https://zorgtech.com/catalog/product/diamant-tmedical/,/catalog/product/diamant-tmedical/,/catalog/product/diamant-tmedical,product,diamant-tmedical,Diamant TMedical,yes,yes,keep,"Путь совпадает с живым Bitrix (демо подтянуто). На Bitrix оставить как есть, meta в HTML сервера"
https://zorgtech.com/catalog/product/eco-kid-22/,/catalog/product/eco-kid-22/,/catalog/product/eco-kid-22,product,eco-kid-22,Eco Kid 22,yes,yes,keep,"Путь совпадает с живым Bitrix (демо подтянуто). На Bitrix оставить как есть, meta в HTML сервера"
https://zorgtech.com/catalog/product/eco-kid-32/,/catalog/product/eco-kid-32/,/catalog/product/eco-kid-32,product,eco-kid-32,Eco Kid 32,yes,yes,keep,"Путь совпадает с живым Bitrix (демо подтянуто). На Bitrix оставить как есть, meta в HTML сервера"
https://zorgtech.com/catalog/product/diamant-32-w-pay/,/catalog/product/diamant-32-w-pay/,/catalog/product/diamant-32-w-pay,product,diamant-32-w-pay,Diamant 32 W Pay,yes,yes,keep,"Путь совпадает с живым Bitrix (демо подтянуто). На Bitrix оставить как есть, meta в HTML сервера"
https://zorgtech.com/catalog/product/diamant-32-we-pay/,/catalog/product/diamant-32-we-pay/,/catalog/product/diamant-32-we-pay,product,diamant-32-we-pay,Diamant 32 WE Pay,yes,yes,keep,"Путь совпадает с живым Bitrix (демо подтянуто). На Bitrix оставить как есть, meta в HTML сервера"
https://zorgtech.com/catalog/product/mono-32-f-pin/,/catalog/product/mono-32-f-pin/,/catalog/product/mono-32-f-pin,product,mono-32-f-pin,Mono 32 F PIN,yes,yes,keep,"Путь совпадает с живым Bitrix (демо подтянуто). На Bitrix оставить как есть, meta в HTML сервера"
,,/catalog/product/novinka-1,product,novinka-1,Новинка 1,no,yes,new-in-demo,В живом Bitrix нет. Демо-путь /catalog/product/…
,,/catalog/product/novinka-2,product,novinka-2,Новинка 2,no,yes,new-in-demo,В живом Bitrix нет. Демо-путь /catalog/product/…
,,/catalog/product/novinka-3,product,novinka-3,Новинка 3,no,yes,new-in-demo,В живом Bitrix нет. Демо-путь /catalog/product/…
,,/catalog/product/novinka-4,product,novinka-4,Новинка 4,no,yes,new-in-demo,В живом Bitrix нет. Демо-путь /catalog/product/…
,,/catalog/product/novinka-5,product,novinka-5,Новинка 5,no,yes,new-in-demo,В живом Bitrix нет. Демо-путь /catalog/product/…
,,/catalog/product/novinka-6,product,novinka-6,Новинка 6,no,yes,new-in-demo,В живом Bitrix нет. Демо-путь /catalog/product/…
,,/catalog/product/novinka-7,product,novinka-7,Новинка 7,no,yes,new-in-demo,В живом Bitrix нет. Демо-путь /catalog/product/…
,,/catalog/product/novinka-8,product,novinka-8,Новинка 8,no,yes,new-in-demo,В живом Bitrix нет. Демо-путь /catalog/product/…
,,/catalog/product/novinka-9,product,novinka-9,Новинка 9,no,yes,new-in-demo,В живом Bitrix нет. Демо-путь /catalog/product/…
https://zorgtech.com/catalog/napolnye/,/catalog/napolnye/,/catalog/napolnye,category,napolnye,Напольные сенсорные терминалы,yes,yes,keep,Путь совпадает — на Bitrix оставить как есть
https://zorgtech.com/catalog/stoly/,/catalog/stoly/,/catalog/stoly,category,stoly,Сенсорные столы,yes,yes,keep,Путь совпадает — на Bitrix оставить как есть
https://zorgtech.com/catalog/nastennyy/,/catalog/nastennyy/,/catalog/nastennyy,category,nastennyy,Настенные сенсорные киоски,yes,yes,keep,Путь совпадает — на Bitrix оставить как есть
https://zorgtech.com/catalog/mono-napolnye/,/catalog/mono-napolnye/,/catalog/mono-napolnye,category,mono-napolnye,Сенсорные напольные киоски Mono,yes,yes,keep,Путь совпадает — на Bitrix оставить как есть
https://zorgtech.com/catalog/apriori/,/catalog/apriori/,/catalog/apriori,category,apriori,Напольные сенсорные киоски Apriori,yes,yes,keep,Путь совпадает — на Bitrix оставить как есть
https://zorgtech.com/catalog/ulichnye/,/catalog/ulichnye/,/catalog/ulichnye,category,ulichnye,Уличные сенсорные терминалы,yes,yes,keep,Путь совпадает — на Bitrix оставить как есть
https://zorgtech.com/catalog/avtokassy/,/catalog/avtokassy/,/catalog/avtokassy,category,avtokassy,Автокассы,yes,yes,keep,Путь совпадает — на Bitrix оставить как есть
https://zorgtech.com/catalog/dezinfektora-ruk/,/catalog/dezinfektora-ruk/,/catalog/dezinfektora-ruk,category,dezinfektora-ruk,Дезинфекторы рук,yes,yes,keep,Путь совпадает — на Bitrix оставить как есть
https://zorgtech.com/catalog/otraslevye/,/catalog/otraslevye/,/catalog/otraslevye,category,otraslevye,Отраслевые сенсорные киоски,yes,yes,keep,Путь совпадает — на Bitrix оставить как есть
https://zorgtech.com/catalog/detskie-stoliki/,/catalog/detskie-stoliki/,/catalog/detskie-stoliki,category,detskie-stoliki,Детские сенсорные интерактивные столы,yes,yes,keep,Путь совпадает — на Bitrix оставить как есть
https://zorgtech.com/catalog/kioski-samoobsluzhivaniya/,/catalog/kioski-samoobsluzhivaniya/,/catalog/kioski-samoobsluzhivaniya,category,kioski-samoobsluzhivaniya,Киоски самообслуживания,yes,yes,keep,Путь совпадает — на Bitrix оставить как есть
,,/catalog/novinki,category,novinki,Новинки,no,yes,new-in-demo,В живом Bitrix нет
https://zorgtech.com/catalog/unique/,/catalog/unique/,/catalog/unique,category,unique,unique,no,yes,keep,Путь совпадает — на Bitrix оставить как есть
https://zorgtech.com/realizovanye-proekty/avtomatizatsiya-avtovokzala-salarevo-dlya-mosgortransa/,/realizovanye-proekty/avtomatizatsiya-avtovokzala-salarevo-dlya-mosgortransa/,/realizovanye-proekty/avtomatizatsiya-avtovokzala-salarevo-dlya-mosgortransa,project,avtomatizatsiya-avtovokzala-salarevo-dlya-mosgortransa,"Автоматизация автовокзала ""Саларьево"" для Мосгортранса",yes,yes,keep,"Путь совпадает с живым Bitrix (демо подтянуто). На Bitrix оставить как есть, meta в HTML сервера"
https://zorgtech.com/realizovanye-proekty/avtomatizatsiya-promyshlennykh-protsessov-v-mezhdunarodnoy-zolotodobyvayushchey-kompanii-nordgold/,/realizovanye-proekty/avtomatizatsiya-promyshlennykh-protsessov-v-mezhdunarodnoy-zolotodobyvayushchey-kompanii-nordgold/,/realizovanye-proekty/avtomatizatsiya-promyshlennykh-protsessov-v-mezhdunarodnoy-zolotodobyvayushchey-kompanii-nordgold,project,avtomatizatsiya-promyshlennykh-protsessov-v-mezhdunarodnoy-zolotodobyvayushchey-kompanii-nordgold,Автоматизация промышленных процессов в международной золотодобывающей компании Nordgold,yes,yes,keep,"Путь совпадает с живым Bitrix (демо подтянуто). На Bitrix оставить как есть, meta в HTML сервера"
https://zorgtech.com/realizovanye-proekty/interaktivnaya-navigatsiya-po-ramenskomu-gorodskomu-parku/,/realizovanye-proekty/interaktivnaya-navigatsiya-po-ramenskomu-gorodskomu-parku/,/realizovanye-proekty/interaktivnaya-navigatsiya-po-ramenskomu-gorodskomu-parku,project,interaktivnaya-navigatsiya-po-ramenskomu-gorodskomu-parku,Интерактивная навигация по Раменскому городскому парку,yes,yes,keep,"Путь совпадает с живым Bitrix (демо подтянуто). На Bitrix оставить как есть, meta в HTML сервера"
https://zorgtech.com/realizovanye-proekty/interaktivnye-kioski-v-telemeditsine-dlya-neftyanykh-i-gazovykh-mestorozhdeniy/,/realizovanye-proekty/interaktivnye-kioski-v-telemeditsine-dlya-neftyanykh-i-gazovykh-mestorozhdeniy/,/realizovanye-proekty/interaktivnye-kioski-v-telemeditsine-dlya-neftyanykh-i-gazovykh-mestorozhdeniy,project,interaktivnye-kioski-v-telemeditsine-dlya-neftyanykh-i-gazovykh-mestorozhdeniy,Интерактивные киоски в телемедицине для нефтяных и газовых месторождений.,yes,yes,keep,"Путь совпадает с живым Bitrix (демо подтянуто). На Bitrix оставить как есть, meta в HTML сервера"
https://zorgtech.com/realizovanye-proekty/interaktivnyy-proekt-k-godovshchine-otkrytiya-mtsd-v-g-moskva/,/realizovanye-proekty/interaktivnyy-proekt-k-godovshchine-otkrytiya-mtsd-v-g-moskva/,/realizovanye-proekty/interaktivnyy-proekt-k-godovshchine-otkrytiya-mtsd-v-g-moskva,project,interaktivnyy-proekt-k-godovshchine-otkrytiya-mtsd-v-g-moskva,Интерактивный проект к годовщине открытия МЦД в г. Москва,yes,yes,keep,"Путь совпадает с живым Bitrix (демо подтянуто). На Bitrix оставить как есть, meta в HTML сервера"
https://zorgtech.com/realizovanye-proekty/kak-my-razgruzili-sluzhbu-okhrany-truda-terminaly-dlya-obucheniya-i-kontrolya/,/realizovanye-proekty/kak-my-razgruzili-sluzhbu-okhrany-truda-terminaly-dlya-obucheniya-i-kontrolya/,/realizovanye-proekty/kak-my-razgruzili-sluzhbu-okhrany-truda-terminaly-dlya-obucheniya-i-kontrolya,project,kak-my-razgruzili-sluzhbu-okhrany-truda-terminaly-dlya-obucheniya-i-kontrolya,"Как мы разгрузили службу охраны труда, терминалы для обучения и контроля",no,yes,keep,"Путь совпадает с живым Bitrix (демо подтянуто). На Bitrix оставить как есть, meta в HTML сервера"
https://zorgtech.com/realizovanye-proekty/kompleksnoe-osnashchenie-rabochikh-mest-interaktivnymi-kioskami-na-zavodakh-ao-silovye-mashiny/,/realizovanye-proekty/kompleksnoe-osnashchenie-rabochikh-mest-interaktivnymi-kioskami-na-zavodakh-ao-silovye-mashiny/,/realizovanye-proekty/kompleksnoe-osnashchenie-rabochikh-mest-interaktivnymi-kioskami-na-zavodakh-ao-silovye-mashiny,project,kompleksnoe-osnashchenie-rabochikh-mest-interaktivnymi-kioskami-na-zavodakh-ao-silovye-mashiny,Комплексное оснащение рабочих мест интерактивными киосками на заводах АО «Силовые машины»,yes,yes,keep,"Путь совпадает с живым Bitrix (демо подтянуто). На Bitrix оставить как есть, meta в HTML сервера"
https://zorgtech.com/realizovanye-proekty/masshtabnyy-proekt-po-osnashcheniyu-novykh-poliklinik-g-moskvy-beskontaktnymi-dezinfektorami-i-inter/,/realizovanye-proekty/masshtabnyy-proekt-po-osnashcheniyu-novykh-poliklinik-g-moskvy-beskontaktnymi-dezinfektorami-i-inter/,/realizovanye-proekty/masshtabnyy-proekt-po-osnashcheniyu-novykh-poliklinik-g-moskvy-beskontaktnymi-dezinfektorami-i-inter,project,masshtabnyy-proekt-po-osnashcheniyu-novykh-poliklinik-g-moskvy-beskontaktnymi-dezinfektorami-i-inter,Масштабный проект по оснащению новых поликлиник г. Москвы бесконтактными дезинфекторами и интерактивными столами,yes,yes,keep,"Путь совпадает с живым Bitrix (демо подтянуто). На Bitrix оставить как есть, meta в HTML сервера"
https://zorgtech.com/realizovanye-proekty/novye-standarty-bankovskogo-obsluzhivaniya/,/realizovanye-proekty/novye-standarty-bankovskogo-obsluzhivaniya/,/realizovanye-proekty/novye-standarty-bankovskogo-obsluzhivaniya,project,novye-standarty-bankovskogo-obsluzhivaniya,Новые стандарты банковского обслуживания,no,yes,keep,"Путь совпадает с живым Bitrix (демо подтянуто). На Bitrix оставить как есть, meta в HTML сервера"
https://zorgtech.com/realizovanye-proekty/obespechenie-beskontaktnymi-dezinfektorami-obrazovatelnykh-uchrezhdeniy/,/realizovanye-proekty/obespechenie-beskontaktnymi-dezinfektorami-obrazovatelnykh-uchrezhdeniy/,/realizovanye-proekty/obespechenie-beskontaktnymi-dezinfektorami-obrazovatelnykh-uchrezhdeniy,project,obespechenie-beskontaktnymi-dezinfektorami-obrazovatelnykh-uchrezhdeniy,Обеспечение бесконтактными дезинфекторами образовательных учреждений,yes,yes,keep,"Путь совпадает с живым Bitrix (демо подтянуто). На Bitrix оставить как есть, meta в HTML сервера"
https://zorgtech.com/realizovanye-proekty/sozdanie-bezopasnogo-dostupa-k-korporativnomu-portalu-kompanii-akrikhin-na-sensornykh-kioskakh-chere/,/realizovanye-proekty/sozdanie-bezopasnogo-dostupa-k-korporativnomu-portalu-kompanii-akrikhin-na-sensornykh-kioskakh-chere/,/realizovanye-proekty/sozdanie-bezopasnogo-dostupa-k-korporativnomu-portalu-kompanii-akrikhin-na-sensornykh-kioskakh-chere,project,sozdanie-bezopasnogo-dostupa-k-korporativnomu-portalu-kompanii-akrikhin-na-sensornykh-kioskakh-chere,Создание безопасного доступа к корпоративному порталу компании Акрихин на сенсорных киосках через защищенный браузер,yes,yes,keep,"Путь совпадает с живым Bitrix (демо подтянуто). На Bitrix оставить как есть, meta в HTML сервера"
https://zorgtech.com/realizovanye-proekty/sozdanie-interaktivnoy-ekspozitsii-muzeya-gosudareva-doroga-v-khramovom-komplekse-zavidovo/,/realizovanye-proekty/sozdanie-interaktivnoy-ekspozitsii-muzeya-gosudareva-doroga-v-khramovom-komplekse-zavidovo/,/realizovanye-proekty/sozdanie-interaktivnoy-ekspozitsii-muzeya-gosudareva-doroga-v-khramovom-komplekse-zavidovo,project,sozdanie-interaktivnoy-ekspozitsii-muzeya-gosudareva-doroga-v-khramovom-komplekse-zavidovo,"Создание интерактивной экспозиции музея ""Государева Дорога"" в храмовом комплексе ""Завидово""",yes,yes,keep,"Путь совпадает с живым Bitrix (демо подтянуто). На Bitrix оставить как есть, meta в HTML сервера"
https://zorgtech.com/realizovanye-proekty/6-povyshenie-loyalnosti-klientov-v-ofisakh-prodazh-obektov-nedvizhimosti-kompanii-mr-group/,/realizovanye-proekty/6-povyshenie-loyalnosti-klientov-v-ofisakh-prodazh-obektov-nedvizhimosti-kompanii-mr-group/,/realizovanye-proekty/6-povyshenie-loyalnosti-klientov-v-ofisakh-prodazh-obektov-nedvizhimosti-kompanii-mr-group,project,6-povyshenie-loyalnosti-klientov-v-ofisakh-prodazh-obektov-nedvizhimosti-kompanii-mr-group,Повышение лояльности клиентов в офисах продаж объектов недвижимости компании MR Group,yes,yes,keep,"Путь совпадает с живым Bitrix (демо подтянуто). На Bitrix оставить как есть, meta в HTML сервера"
https://zorgtech.com/realizovanye-proekty/gid-uchashchegosya-dlya-uchilishcha-olimpiyskogo-rezerva/,/realizovanye-proekty/gid-uchashchegosya-dlya-uchilishcha-olimpiyskogo-rezerva/,/realizovanye-proekty/gid-uchashchegosya-dlya-uchilishcha-olimpiyskogo-rezerva,project,gid-uchashchegosya-dlya-uchilishcha-olimpiyskogo-rezerva,Гид Учащегося для училища олимпийского резерва в Ярославле,yes,yes,keep,"Путь совпадает с живым Bitrix (демо подтянуто). На Bitrix оставить как есть, meta в HTML сервера"
https://zorgtech.com/realizovanye-proekty/gruppa-gaz/,/realizovanye-proekty/gruppa-gaz/,/realizovanye-proekty/gruppa-gaz,project,gruppa-gaz,Автоматизация кадрового учета в «Группе ГАЗ»,yes,yes,keep,"Путь совпадает с живым Bitrix (демо подтянуто). На Bitrix оставить как есть, meta в HTML сервера"
https://zorgtech.com/realizovanye-proekty/informatsionnye-kioski-dlya-tsentralnogo-ofisa-kompanii-rostelekom-/,/realizovanye-proekty/informatsionnye-kioski-dlya-tsentralnogo-ofisa-kompanii-rostelekom-/,/realizovanye-proekty/informatsionnye-kioski-dlya-tsentralnogo-ofisa-kompanii-rostelekom-,project,informatsionnye-kioski-dlya-tsentralnogo-ofisa-kompanii-rostelekom-,Информационные киоски для центрального офиса компании Ростелеком,yes,yes,keep,"Путь совпадает с живым Bitrix (демо подтянуто). На Bitrix оставить как есть, meta в HTML сервера"
https://zorgtech.com/realizovanye-proekty/interaktivnaya-navigatsiya-v-mebelnom-torgovom-komplekse-grand/,/realizovanye-proekty/interaktivnaya-navigatsiya-v-mebelnom-torgovom-komplekse-grand/,/realizovanye-proekty/interaktivnaya-navigatsiya-v-mebelnom-torgovom-komplekse-grand,project,interaktivnaya-navigatsiya-v-mebelnom-torgovom-komplekse-grand,Интерактивная навигация в мебельном торговом комплексе Гранд,yes,yes,keep,"Путь совпадает с живым Bitrix (демо подтянуто). На Bitrix оставить как есть, meta в HTML сервера"
https://zorgtech.com/realizovanye-proekty/interaktivnye-kioski-dlya-programmy-loyalnosti-v-federalnoy-seti-supermarketov-essen/,/realizovanye-proekty/interaktivnye-kioski-dlya-programmy-loyalnosti-v-federalnoy-seti-supermarketov-essen/,/realizovanye-proekty/interaktivnye-kioski-dlya-programmy-loyalnosti-v-federalnoy-seti-supermarketov-essen,project,interaktivnye-kioski-dlya-programmy-loyalnosti-v-federalnoy-seti-supermarketov-essen,Интерактивные киоски для программы лояльности в федеральной сети супермаркетов Эссен,yes,yes,keep,"Путь совпадает с живым Bitrix (демо подтянуто). На Bitrix оставить как есть, meta в HTML сервера"
https://zorgtech.com/realizovanye-proekty/interaktivnye-terminaly-dlya-korporativnogo-universiteta-trubnoy-metallurgicheskoy-kompanii/,/realizovanye-proekty/interaktivnye-terminaly-dlya-korporativnogo-universiteta-trubnoy-metallurgicheskoy-kompanii/,/realizovanye-proekty/interaktivnye-terminaly-dlya-korporativnogo-universiteta-trubnoy-metallurgicheskoy-kompanii,project,interaktivnye-terminaly-dlya-korporativnogo-universiteta-trubnoy-metallurgicheskoy-kompanii,Интерактивные терминалы для корпоративного университета Трубной металлургической компании ТМК2U,yes,yes,keep,"Путь совпадает с живым Bitrix (демо подтянуто). На Bitrix оставить как есть, meta в HTML сервера"
https://zorgtech.com/realizovanye-proekty/interaktivnyy-katalog-v-seti-magazinov-bronnitskiy-yuvelir/,/realizovanye-proekty/interaktivnyy-katalog-v-seti-magazinov-bronnitskiy-yuvelir/,/realizovanye-proekty/interaktivnyy-katalog-v-seti-magazinov-bronnitskiy-yuvelir,project,interaktivnyy-katalog-v-seti-magazinov-bronnitskiy-yuvelir,Интерактивный каталог в сети магазинов «Бронницкий ювелир»,yes,yes,keep,"Путь совпадает с живым Bitrix (демо подтянуто). На Bitrix оставить как есть, meta в HTML сервера"
https://zorgtech.com/realizovanye-proekty/onlayn-portal-mezhdu-moskvoy-i-tuloy/,/realizovanye-proekty/onlayn-portal-mezhdu-moskvoy-i-tuloy/,/realizovanye-proekty/onlayn-portal-mezhdu-moskvoy-i-tuloy,project,onlayn-portal-mezhdu-moskvoy-i-tuloy,Онлайн портал между Москвой и Тулой,yes,yes,keep,"Путь совпадает с живым Bitrix (демо подтянуто). На Bitrix оставить как есть, meta в HTML сервера"
https://zorgtech.com/realizovanye-proekty/sensornye-terminaly-dlya-zavodov-henkel-v-rossii/,/realizovanye-proekty/sensornye-terminaly-dlya-zavodov-henkel-v-rossii/,/realizovanye-proekty/sensornye-terminaly-dlya-zavodov-henkel-v-rossii,project,sensornye-terminaly-dlya-zavodov-henkel-v-rossii,Сенсорные терминалы для заводов Henkel в России,yes,yes,keep,"Путь совпадает с живым Bitrix (демо подтянуто). На Bitrix оставить как есть, meta в HTML сервера"
https://zorgtech.com/realizovanye-proekty/terminal-dlya-avtomatizatsii-proizvodstva-fabriki-donskoy-tabak/,/realizovanye-proekty/terminal-dlya-avtomatizatsii-proizvodstva-fabriki-donskoy-tabak/,/realizovanye-proekty/terminal-dlya-avtomatizatsii-proizvodstva-fabriki-donskoy-tabak,project,terminal-dlya-avtomatizatsii-proizvodstva-fabriki-donskoy-tabak,"Терминалы для автоматизации производства фабрики ""Донской табак""",yes,yes,keep,"Путь совпадает с живым Bitrix (демо подтянуто). На Bitrix оставить как есть, meta в HTML сервера"
https://zorgtech.com/realizovanye-proekty/ulichnye-sensornye-terminaly-s-turisticheskim-gidom-dlya-tuly/,/realizovanye-proekty/ulichnye-sensornye-terminaly-s-turisticheskim-gidom-dlya-tuly/,/realizovanye-proekty/ulichnye-sensornye-terminaly-s-turisticheskim-gidom-dlya-tuly,project,ulichnye-sensornye-terminaly-s-turisticheskim-gidom-dlya-tuly,Уличные сенсорные терминалы с туристическим гидом в Туле,yes,yes,keep,"Путь совпадает с живым Bitrix (демо подтянуто). На Bitrix оставить как есть, meta в HTML сервера"
https://zorgtech.com/realizovanye-proekty/akademiya-tsifrovykh-tekhnologiy-g-sankt-peterburg/,/realizovanye-proekty/akademiya-tsifrovykh-tekhnologiy-g-sankt-peterburg/,/realizovanye-proekty/akademiya-tsifrovykh-tekhnologiy-g-sankt-peterburg,project,akademiya-tsifrovykh-tekhnologiy-g-sankt-peterburg,"Академия цифровых технологий, г. Санкт-Петербург",yes,yes,keep,"Путь совпадает с живым Bitrix (демо подтянуто). На Bitrix оставить как есть, meta в HTML сервера"
https://zorgtech.com/realizovanye-proekty/interaktivnaya-navigatsiya-dlya-mtk-5-planet-moskva/,/realizovanye-proekty/interaktivnaya-navigatsiya-dlya-mtk-5-planet-moskva/,/realizovanye-proekty/interaktivnaya-navigatsiya-dlya-mtk-5-planet-moskva,project,interaktivnaya-navigatsiya-dlya-mtk-5-planet-moskva,"Интерактивная навигация для МТК 5 Планет, Москва",yes,yes,keep,"Путь совпадает с живым Bitrix (демо подтянуто). На Bitrix оставить как есть, meta в HTML сервера"
https://zorgtech.com/realizovanye-proekty/kioski-dlya-mezhdunarodnogo-meditsinskogo-klastera-skolkovo/,/realizovanye-proekty/kioski-dlya-mezhdunarodnogo-meditsinskogo-klastera-skolkovo/,/realizovanye-proekty/kioski-dlya-mezhdunarodnogo-meditsinskogo-klastera-skolkovo,project,kioski-dlya-mezhdunarodnogo-meditsinskogo-klastera-skolkovo,Киоски для Международного медицинского кластера Сколково,yes,yes,keep,"Путь совпадает с живым Bitrix (демо подтянуто). На Bitrix оставить как есть, meta в HTML сервера"
https://zorgtech.com/realizovanye-proekty/muzey-sobranie-i-interaktivnye-stoly-zorgtech/,/realizovanye-proekty/muzey-sobranie-i-interaktivnye-stoly-zorgtech/,/realizovanye-proekty/muzey-sobranie-i-interaktivnye-stoly-zorgtech,project,muzey-sobranie-i-interaktivnye-stoly-zorgtech,"Музей ""Собрание"" и интерактивные столы Zorgtech",yes,yes,keep,"Путь совпадает с живым Bitrix (демо подтянуто). На Bitrix оставить как есть, meta в HTML сервера"
https://zorgtech.com/realizovanye-proekty/nash-novyy-klient-park-zaryade/,/realizovanye-proekty/nash-novyy-klient-park-zaryade/,/realizovanye-proekty/nash-novyy-klient-park-zaryade,project,nash-novyy-klient-park-zaryade,"Наш новый клиент - Парк ""Зарядье""",yes,yes,keep,"Путь совпадает с живым Bitrix (демо подтянуто). На Bitrix оставить как есть, meta в HTML сервера"
https://zorgtech.com/realizovanye-proekty/navigatsiya-dlya-aeroportov-krasnodara-i-anapy/,/realizovanye-proekty/navigatsiya-dlya-aeroportov-krasnodara-i-anapy/,/realizovanye-proekty/navigatsiya-dlya-aeroportov-krasnodara-i-anapy,project,navigatsiya-dlya-aeroportov-krasnodara-i-anapy,Навигация для аэропортов Краснодара и Анапы,yes,yes,keep,"Путь совпадает с живым Bitrix (демо подтянуто). На Bitrix оставить как есть, meta в HTML сервера"
https://zorgtech.com/realizovanye-proekty/novaya-model-sensornogo-stola-dlya-oiyai/,/realizovanye-proekty/novaya-model-sensornogo-stola-dlya-oiyai/,/realizovanye-proekty/novaya-model-sensornogo-stola-dlya-oiyai,project,novaya-model-sensornogo-stola-dlya-oiyai,Новая модель сенсорного стола для ОИЯИ,yes,yes,keep,"Путь совпадает с живым Bitrix (демо подтянуто). На Bitrix оставить как есть, meta в HTML сервера"
https://zorgtech.com/realizovanye-proekty/novyy-shag-v-razvitii-kioski-dlya-fitnes-industrii/,/realizovanye-proekty/novyy-shag-v-razvitii-kioski-dlya-fitnes-industrii/,/realizovanye-proekty/novyy-shag-v-razvitii-kioski-dlya-fitnes-industrii,project,novyy-shag-v-razvitii-kioski-dlya-fitnes-industrii,Новый шаг в развитии - киоски для фитнес-индустрии,yes,yes,keep,"Путь совпадает с живым Bitrix (демо подтянуто). На Bitrix оставить как есть, meta в HTML сервера"
https://zorgtech.com/realizovanye-proekty/terminal-dlya-prodazhi-biletov-v-kinoteatre/,/realizovanye-proekty/terminal-dlya-prodazhi-biletov-v-kinoteatre/,/realizovanye-proekty/terminal-dlya-prodazhi-biletov-v-kinoteatre,project,terminal-dlya-prodazhi-biletov-v-kinoteatre,Терминал для продажи билетов в кинотеатре,yes,yes,keep,"Путь совпадает с живым Bitrix (демо подтянуто). На Bitrix оставить как есть, meta в HTML сервера"
https://zorgtech.com/realizovanye-proekty/ulichnyy-sensornyy-terminal-dlya-dom-russkogo-zarubezhya-imeni-aleksandra-solzhenitsyna/,/realizovanye-proekty/ulichnyy-sensornyy-terminal-dlya-dom-russkogo-zarubezhya-imeni-aleksandra-solzhenitsyna/,/realizovanye-proekty/ulichnyy-sensornyy-terminal-dlya-dom-russkogo-zarubezhya-imeni-aleksandra-solzhenitsyna,project,ulichnyy-sensornyy-terminal-dlya-dom-russkogo-zarubezhya-imeni-aleksandra-solzhenitsyna,Музейый Гид на уличном терминале для Дома русского зарубежья имени Александра Солженицына,yes,yes,keep,"Путь совпадает с живым Bitrix (демо подтянуто). На Bitrix оставить как есть, meta в HTML сервера"
https://zorgtech.com/realizovanye-proekty/zhk-novye-vatutinki-novye-tekhnologii/,/realizovanye-proekty/zhk-novye-vatutinki-novye-tekhnologii/,/realizovanye-proekty/zhk-novye-vatutinki-novye-tekhnologii,project,zhk-novye-vatutinki-novye-tekhnologii,"ЖК ""Новые Ватутинки"" - новые технологии продаж",yes,yes,keep,"Путь совпадает с живым Bitrix (демо подтянуто). На Bitrix оставить как есть, meta в HTML сервера"
https://zorgtech.com/realizovanye-proekty/zorgtech-i-mercedes-dlya-tekh-kto-vybiraet-luchshee/,/realizovanye-proekty/zorgtech-i-mercedes-dlya-tekh-kto-vybiraet-luchshee/,/realizovanye-proekty/zorgtech-i-mercedes-dlya-tekh-kto-vybiraet-luchshee,project,zorgtech-i-mercedes-dlya-tekh-kto-vybiraet-luchshee,"Zorgtech и Mercedes - для тех, кто выбирает лучшее!",yes,yes,keep,"Путь совпадает с живым Bitrix (демо подтянуто). На Bitrix оставить как есть, meta в HTML сервера"
https://zorgtech.com/realizovanye-proekty/interaktivnye-proekty-sovmestno-s-galereey-i-s-glazunova/,/realizovanye-proekty/interaktivnye-proekty-sovmestno-s-galereey-i-s-glazunova/,/realizovanye-proekty/interaktivnye-proekty-sovmestno-s-galereey-i-s-glazunova,project,interaktivnye-proekty-sovmestno-s-galereey-i-s-glazunova,Интерактивные проекты совместно с галереей И.С. Глазунова,yes,yes,keep,"Путь совпадает с живым Bitrix (демо подтянуто). На Bitrix оставить как есть, meta в HTML сервера"
https://zorgtech.com/realizovanye-proekty/krasivye-sensornye-kiosk-dlya-amway/,/realizovanye-proekty/krasivye-sensornye-kiosk-dlya-amway/,/realizovanye-proekty/krasivye-sensornye-kiosk-dlya-amway,project,krasivye-sensornye-kiosk-dlya-amway,Красивые сенсорные киоски для Amway,yes,yes,keep,"Путь совпадает с живым Bitrix (демо подтянуто). На Bitrix оставить как есть, meta в HTML сервера"
https://zorgtech.com/realizovanye-proekty/nastennye-sensornye-kioski-dlya-sretenskoy-dukhovnoy-seminarii/,/realizovanye-proekty/nastennye-sensornye-kioski-dlya-sretenskoy-dukhovnoy-seminarii/,/realizovanye-proekty/nastennye-sensornye-kioski-dlya-sretenskoy-dukhovnoy-seminarii,project,nastennye-sensornye-kioski-dlya-sretenskoy-dukhovnoy-seminarii,Настенные сенсорные киоски для Сретенской духовной семинарии,yes,yes,keep,"Путь совпадает с живым Bitrix (демо подтянуто). На Bitrix оставить как есть, meta в HTML сервера"
https://zorgtech.com/realizovanye-proekty/razrabotka-molodezhnogo-kornera-dlya-sberbanka/,/realizovanye-proekty/razrabotka-molodezhnogo-kornera-dlya-sberbanka/,/realizovanye-proekty/razrabotka-molodezhnogo-kornera-dlya-sberbanka,project,razrabotka-molodezhnogo-kornera-dlya-sberbanka,Разработка молодежного корнера для Сбербанка,yes,yes,keep,"Путь совпадает с живым Bitrix (демо подтянуто). На Bitrix оставить как есть, meta в HTML сервера"
https://zorgtech.com/realizovanye-proekty/sensornye-kioski-dlya-ao-kb-deltakredit/,/realizovanye-proekty/sensornye-kioski-dlya-ao-kb-deltakredit/,/realizovanye-proekty/sensornye-kioski-dlya-ao-kb-deltakredit,project,sensornye-kioski-dlya-ao-kb-deltakredit,Сенсорные киоски для АО «КБ ДельтаКредит»,yes,yes,keep,"Путь совпадает с живым Bitrix (демо подтянуто). На Bitrix оставить как есть, meta в HTML сервера"
https://zorgtech.com/realizovanye-proekty/sensornye-kioski-dlya-muzeya-tekhniki-vadima-zadorozhnogo-/,/realizovanye-proekty/sensornye-kioski-dlya-muzeya-tekhniki-vadima-zadorozhnogo-/,/realizovanye-proekty/sensornye-kioski-dlya-muzeya-tekhniki-vadima-zadorozhnogo-,project,sensornye-kioski-dlya-muzeya-tekhniki-vadima-zadorozhnogo-,Сенсорные киоски для Музея техники Вадима Задорожного,yes,yes,keep,"Путь совпадает с живым Bitrix (демо подтянуто). На Bitrix оставить как есть, meta в HTML сервера"
https://zorgtech.com/realizovanye-proekty/sensornye-kioski-dlya-obucheniya-studentov-medikov/,/realizovanye-proekty/sensornye-kioski-dlya-obucheniya-studentov-medikov/,/realizovanye-proekty/sensornye-kioski-dlya-obucheniya-studentov-medikov,project,sensornye-kioski-dlya-obucheniya-studentov-medikov,Сенсорные киоски для обучения студентов-медиков,yes,yes,keep,"Путь совпадает с живым Bitrix (демо подтянуто). На Bitrix оставить как есть, meta в HTML сервера"
https://zorgtech.com/realizovanye-proekty/sensornye-kioski-dlya-uchebnykh-klassov-universiteta-sinergiya/,/realizovanye-proekty/sensornye-kioski-dlya-uchebnykh-klassov-universiteta-sinergiya/,/realizovanye-proekty/sensornye-kioski-dlya-uchebnykh-klassov-universiteta-sinergiya,project,sensornye-kioski-dlya-uchebnykh-klassov-universiteta-sinergiya,Сенсорные киоски для учебных классов Университета Синергия,yes,yes,keep,"Путь совпадает с живым Bitrix (демо подтянуто). На Bitrix оставить как есть, meta в HTML сервера"
https://zorgtech.com/realizovanye-proekty/sensornye-terminaly-dlya-aeroporta-domodedovo/,/realizovanye-proekty/sensornye-terminaly-dlya-aeroporta-domodedovo/,/realizovanye-proekty/sensornye-terminaly-dlya-aeroporta-domodedovo,project,sensornye-terminaly-dlya-aeroporta-domodedovo,Сенсорные терминалы для аэропорта Домодедово,yes,yes,keep,"Путь совпадает с живым Bitrix (демо подтянуто). На Bitrix оставить как есть, meta в HTML сервера"
https://zorgtech.com/realizovanye-proekty/sensornye-terminaly-dlya-aeroporta-sheremetevo/,/realizovanye-proekty/sensornye-terminaly-dlya-aeroporta-sheremetevo/,/realizovanye-proekty/sensornye-terminaly-dlya-aeroporta-sheremetevo,project,sensornye-terminaly-dlya-aeroporta-sheremetevo,Сенсорные терминалы дистанционного обслуживания для аэропорта Шереметьево,yes,yes,keep,"Путь совпадает с живым Bitrix (демо подтянуто). На Bitrix оставить как есть, meta в HTML сервера"
https://zorgtech.com/realizovanye-proekty/sovmestnyy-proekt-s-kompaniey-studiya-nikitina/,/realizovanye-proekty/sovmestnyy-proekt-s-kompaniey-studiya-nikitina/,/realizovanye-proekty/sovmestnyy-proekt-s-kompaniey-studiya-nikitina,project,sovmestnyy-proekt-s-kompaniey-studiya-nikitina,Совместный проект с компанией Студия Никитина,yes,yes,keep,"Путь совпадает с живым Bitrix (демо подтянуто). На Bitrix оставить как есть, meta в HTML сервера"
https://zorgtech.com/realizovanye-proekty/virtualnaya-primerochnaya-dlya-galerei-i-s-glazunova/,/realizovanye-proekty/virtualnaya-primerochnaya-dlya-galerei-i-s-glazunova/,/realizovanye-proekty/virtualnaya-primerochnaya-dlya-galerei-i-s-glazunova,project,virtualnaya-primerochnaya-dlya-galerei-i-s-glazunova,Виртуальная примерочная для Музея сословий России И.С. Глазунова,yes,yes,keep,"Путь совпадает с живым Bitrix (демо подтянуто). На Bitrix оставить как есть, meta в HTML сервера"
https://zorgtech.com/realizovanye-proekty/astana-international-auto-salon-2013/,/realizovanye-proekty/astana-international-auto-salon-2013/,/realizovanye-proekty/astana-international-auto-salon-2013,project,astana-international-auto-salon-2013,Astana International Auto Salon - 2013,yes,yes,keep,"Путь совпадает с живым Bitrix (демо подтянуто). На Bitrix оставить как есть, meta в HTML сервера"
https://zorgtech.com/realizovanye-proekty/elektronnaya-priemnaya-prezidenta-rossiyskoy-federatsii/,/realizovanye-proekty/elektronnaya-priemnaya-prezidenta-rossiyskoy-federatsii/,/realizovanye-proekty/elektronnaya-priemnaya-prezidenta-rossiyskoy-federatsii,project,elektronnaya-priemnaya-prezidenta-rossiyskoy-federatsii,Электронная приемная президента Российской Федерации,yes,yes,keep,"Путь совпадает с живым Bitrix (демо подтянуто). На Bitrix оставить как есть, meta в HTML сервера"
https://zorgtech.com/realizovanye-proekty/interaktivnaya-afisha-moskovskogo-mezhdunarodnogo-doma-muzyki/,/realizovanye-proekty/interaktivnaya-afisha-moskovskogo-mezhdunarodnogo-doma-muzyki/,/realizovanye-proekty/interaktivnaya-afisha-moskovskogo-mezhdunarodnogo-doma-muzyki,project,interaktivnaya-afisha-moskovskogo-mezhdunarodnogo-doma-muzyki,Интерактивная афиша Московского Международного Дома музыки,yes,yes,keep,"Путь совпадает с живым Bitrix (демо подтянуто). На Bitrix оставить как есть, meta в HTML сервера"
https://zorgtech.com/realizovanye-proekty/interaktivnaya-sistema-dlya-muzeya-fk-lokomotiv-moskva/,/realizovanye-proekty/interaktivnaya-sistema-dlya-muzeya-fk-lokomotiv-moskva/,/realizovanye-proekty/interaktivnaya-sistema-dlya-muzeya-fk-lokomotiv-moskva,project,interaktivnaya-sistema-dlya-muzeya-fk-lokomotiv-moskva,"Интерактивная система для музея ФК ""Локомотив"" (Москва)",yes,yes,keep,"Путь совпадает с живым Bitrix (демо подтянуто). На Bitrix оставить как есть, meta в HTML сервера"
https://zorgtech.com/realizovanye-proekty/interaktivnyy-informatsionnaya-sistema-dlya-moskovskoy-pivovarennoy-kompanii/,/realizovanye-proekty/interaktivnyy-informatsionnaya-sistema-dlya-moskovskoy-pivovarennoy-kompanii/,/realizovanye-proekty/interaktivnyy-informatsionnaya-sistema-dlya-moskovskoy-pivovarennoy-kompanii,project,interaktivnyy-informatsionnaya-sistema-dlya-moskovskoy-pivovarennoy-kompanii,Интерактивная информационная система для Московской Пивоваренной Компании,yes,yes,keep,"Путь совпадает с живым Bitrix (демо подтянуто). На Bitrix оставить как есть, meta в HTML сервера"
https://zorgtech.com/realizovanye-proekty/interaktivnyy-katalog-dlya-chasovogo-zavoda-nika/,/realizovanye-proekty/interaktivnyy-katalog-dlya-chasovogo-zavoda-nika/,/realizovanye-proekty/interaktivnyy-katalog-dlya-chasovogo-zavoda-nika,project,interaktivnyy-katalog-dlya-chasovogo-zavoda-nika,Интерактивный каталог для часового завода НИКА,yes,yes,keep,"Путь совпадает с живым Bitrix (демо подтянуто). На Bitrix оставить как есть, meta в HTML сервера"
https://zorgtech.com/realizovanye-proekty/interaktivnyy-katalog-dlya-seti-alkogolnykh-gipermarketov-vinberry/,/realizovanye-proekty/interaktivnyy-katalog-dlya-seti-alkogolnykh-gipermarketov-vinberry/,/realizovanye-proekty/interaktivnyy-katalog-dlya-seti-alkogolnykh-gipermarketov-vinberry,project,interaktivnyy-katalog-dlya-seti-alkogolnykh-gipermarketov-vinberry,Интерактивный каталог для сети алкогольных гипермаркетов Vinberry,yes,yes,keep,"Путь совпадает с живым Bitrix (демо подтянуто). На Bitrix оставить как есть, meta в HTML сервера"
https://zorgtech.com/realizovanye-proekty/novyy-kanal-prodazh-v-kompanii-dochki-synochki/,/realizovanye-proekty/novyy-kanal-prodazh-v-kompanii-dochki-synochki/,/realizovanye-proekty/novyy-kanal-prodazh-v-kompanii-dochki-synochki,project,novyy-kanal-prodazh-v-kompanii-dochki-synochki,Новый канал продаж в компании Дочки-Сыночки,yes,yes,keep,"Путь совпадает с живым Bitrix (демо подтянуто). На Bitrix оставить как есть, meta в HTML сервера"
https://zorgtech.com/realizovanye-proekty/proekt-zorgtech-na-customer-focus-forum-2015/,/realizovanye-proekty/proekt-zorgtech-na-customer-focus-forum-2015/,/realizovanye-proekty/proekt-zorgtech-na-customer-focus-forum-2015,project,proekt-zorgtech-na-customer-focus-forum-2015,Zorgtech на Customer Focus Forum 2015,yes,yes,keep,"Путь совпадает с живым Bitrix (демо подтянуто). На Bitrix оставить как есть, meta в HTML сервера"
https://zorgtech.com/realizovanye-proekty/proekt-zorgtech-posvyashchennyy-pobede-krasnoy-armii-v-bitve-pod-stalingradom-g-volgograd/,/realizovanye-proekty/proekt-zorgtech-posvyashchennyy-pobede-krasnoy-armii-v-bitve-pod-stalingradom-g-volgograd/,/realizovanye-proekty/proekt-zorgtech-posvyashchennyy-pobede-krasnoy-armii-v-bitve-pod-stalingradom-g-volgograd,project,proekt-zorgtech-posvyashchennyy-pobede-krasnoy-armii-v-bitve-pod-stalingradom-g-volgograd,"Проект Zorgtech, посвященный победе Красной Армии в битве под Сталинградом, г. Волгоград",yes,yes,keep,"Путь совпадает с живым Bitrix (демо подтянуто). На Bitrix оставить как есть, meta в HTML сервера"
https://zorgtech.com/realizovanye-proekty/proekt-zorgtech-v-gosudarstvennom-muzee-zapovednike-tsarskoe-selo-/,/realizovanye-proekty/proekt-zorgtech-v-gosudarstvennom-muzee-zapovednike-tsarskoe-selo-/,/realizovanye-proekty/proekt-zorgtech-v-gosudarstvennom-muzee-zapovednike-tsarskoe-selo-,project,proekt-zorgtech-v-gosudarstvennom-muzee-zapovednike-tsarskoe-selo-,"Проект Zorgtech в Государственном музее-заповеднике ""Царское село""",yes,yes,keep,"Путь совпадает с живым Bitrix (демо подтянуто). На Bitrix оставить как есть, meta в HTML сервера"
https://zorgtech.com/realizovanye-proekty/sensornye-stoliki-v-mire-hamleys/,/realizovanye-proekty/sensornye-stoliki-v-mire-hamleys/,/realizovanye-proekty/sensornye-stoliki-v-mire-hamleys,project,sensornye-stoliki-v-mire-hamleys,"Сенсорные столики в Мире Hamleys, Центральный детский магазин, г. Москва",yes,yes,keep,"Путь совпадает с живым Bitrix (демо подтянуто). На Bitrix оставить как есть, meta в HTML сервера"
https://zorgtech.com/realizovanye-proekty/interaktivnaya-navigatsiya-v-trk-columbus-moskva/,/realizovanye-proekty/interaktivnaya-navigatsiya-v-trk-columbus-moskva/,/realizovanye-proekty/interaktivnaya-navigatsiya-v-trk-columbus-moskva,project,interaktivnaya-navigatsiya-v-trk-columbus-moskva,"Интерактивная навигация в ТРЦ Columbus, г. Москва",yes,yes,keep,"Путь совпадает с живым Bitrix (демо подтянуто). На Bitrix оставить как есть, meta в HTML сервера"
https://zorgtech.com/realizovanye-proekty/interaktivnaya-navigatsiya-v-trk-lotos-plaza-g-petrozavodsk/,/realizovanye-proekty/interaktivnaya-navigatsiya-v-trk-lotos-plaza-g-petrozavodsk/,/realizovanye-proekty/interaktivnaya-navigatsiya-v-trk-lotos-plaza-g-petrozavodsk,project,interaktivnaya-navigatsiya-v-trk-lotos-plaza-g-petrozavodsk,"Интерактивная навигация в ТРК «ЛОТОС PLAZA», г. Петрозаводск",yes,yes,keep,"Путь совпадает с живым Bitrix (демо подтянуто). На Bitrix оставить как есть, meta в HTML сервера"
https://zorgtech.com/realizovanye-proekty/kompaniya-zorgtech-na-prazdnovanii-175-letiya-so-dnya-rozhdeniya-petra-ilicha-chaykovskogo/,/realizovanye-proekty/kompaniya-zorgtech-na-prazdnovanii-175-letiya-so-dnya-rozhdeniya-petra-ilicha-chaykovskogo/,/realizovanye-proekty/kompaniya-zorgtech-na-prazdnovanii-175-letiya-so-dnya-rozhdeniya-petra-ilicha-chaykovskogo,project,kompaniya-zorgtech-na-prazdnovanii-175-letiya-so-dnya-rozhdeniya-petra-ilicha-chaykovskogo,Компания Zorgtech на праздновании 175-летия со дня рождения Петра Ильича Чайковского,yes,yes,keep,"Путь совпадает с живым Bitrix (демо подтянуто). На Bitrix оставить как есть, meta в HTML сервера"
https://zorgtech.com/gotovye-resheniya/gid-pokupatelya/,/gotovye-resheniya/gid-pokupatelya/,/gotovye-resheniya/gid-pokupatelya,solution,gid-pokupatelya,Гид покупателя,yes,yes,keep,"Путь совпадает с живым Bitrix (демо подтянуто). На Bitrix оставить как есть, meta в HTML сервера"
https://zorgtech.com/gotovye-resheniya/ofiskiosk/,/gotovye-resheniya/ofiskiosk/,/gotovye-resheniya/ofiskiosk,solution,ofiskiosk,Офискиоск,yes,yes,keep,"Путь совпадает с живым Bitrix (демо подтянуто). На Bitrix оставить как есть, meta в HTML сервера"
https://zorgtech.com/gotovye-resheniya/virtualnyy-gid/,/gotovye-resheniya/virtualnyy-gid/,/gotovye-resheniya/virtualnyy-gid,solution,virtualnyy-gid,Виртуальный гид,yes,yes,keep,"Путь совпадает с живым Bitrix (демо подтянуто). На Bitrix оставить как есть, meta в HTML сервера"
https://zorgtech.com/gotovye-resheniya/dlya-oteley-otelkiosk/,/gotovye-resheniya/dlya-oteley-otelkiosk/,/gotovye-resheniya/dlya-oteley-otelkiosk,solution,dlya-oteley-otelkiosk,Отелькиоск,yes,yes,keep,"Путь совпадает с живым Bitrix (демо подтянуто). На Bitrix оставить как есть, meta в HTML сервера"
https://zorgtech.com/gotovye-resheniya/dlya-meditsinskikh-uchrezhdeniy-medkiosk/,/gotovye-resheniya/dlya-meditsinskikh-uchrezhdeniy-medkiosk/,/gotovye-resheniya/dlya-meditsinskikh-uchrezhdeniy-medkiosk,solution,dlya-meditsinskikh-uchrezhdeniy-medkiosk,Медкиоск,yes,yes,keep,"Путь совпадает с живым Bitrix (демо подтянуто). На Bitrix оставить как есть, meta в HTML сервера"
https://zorgtech.com/gotovye-resheniya/interaktivnaya-navigatsiya-logicmap/,/gotovye-resheniya/interaktivnaya-navigatsiya-logicmap/,/gotovye-resheniya/interaktivnaya-navigatsiya-logicmap,solution,interaktivnaya-navigatsiya-logicmap,Интерактивная навигация Logicmap,yes,yes,keep,"Путь совпадает с живым Bitrix (демо подтянуто). На Bitrix оставить как есть, meta в HTML сервера"
https://zorgtech.com/gotovye-resheniya/gosinform/,/gotovye-resheniya/gosinform/,/gotovye-resheniya/gosinform,solution,gosinform,Госинформ,yes,yes,keep,"Путь совпадает с живым Bitrix (демо подтянуто). На Bitrix оставить как есть, meta в HTML сервера"
https://zorgtech.com/gotovye-resheniya/muzeynyy-gid/,/gotovye-resheniya/muzeynyy-gid/,/gotovye-resheniya/muzeynyy-gid,solution,muzeynyy-gid,Музейный Гид,yes,yes,keep,"Путь совпадает с живым Bitrix (демо подтянуто). На Bitrix оставить как есть, meta в HTML сервера"
https://zorgtech.com/gotovye-resheniya/gid-uchashchegosya/,/gotovye-resheniya/gid-uchashchegosya/,/gotovye-resheniya/gid-uchashchegosya,solution,gid-uchashchegosya,Гид учащегося,yes,yes,keep,"Путь совпадает с живым Bitrix (демо подтянуто). На Bitrix оставить как есть, meta в HTML сервера"
https://zorgtech.com/oblasti-primeneniya/dlya-aptek-interaktivnaya-vitrina/,/oblasti-primeneniya/dlya-aptek-interaktivnaya-vitrina/,/oblasti-primeneniya/dlya-aptek-interaktivnaya-vitrina,area,dlya-aptek-interaktivnaya-vitrina,Сэкономьте на торговых площадях благодаря внедрению виртуальной витрины,yes,yes,keep,"Путь совпадает с живым Bitrix (демо подтянуто). На Bitrix оставить как есть, meta в HTML сервера"
https://zorgtech.com/oblasti-primeneniya/dlya-bankov-nbsp-nbsp-interaktivnyy-konsultant/,/oblasti-primeneniya/dlya-bankov-nbsp-nbsp-interaktivnyy-konsultant/,/oblasti-primeneniya/dlya-bankov-nbsp-nbsp-interaktivnyy-konsultant,area,dlya-bankov-nbsp-nbsp-interaktivnyy-konsultant,Новое качество банковского сервиса,yes,yes,keep,"Путь совпадает с живым Bitrix (демо подтянуто). На Bitrix оставить как есть, meta в HTML сервера"
https://zorgtech.com/oblasti-primeneniya/dlya-gostinits-i-oteley-virtualny-porte/,/oblasti-primeneniya/dlya-gostinits-i-oteley-virtualny-porte/,/oblasti-primeneniya/dlya-gostinits-i-oteley-virtualny-porte,area,dlya-gostinits-i-oteley-virtualny-porte,Виртуальный портье,yes,yes,keep,"Путь совпадает с живым Bitrix (демо подтянуто). На Bitrix оставить как есть, meta в HTML сервера"
https://zorgtech.com/oblasti-primeneniya/dlya-meditsinskiy-uchrezhdeniy-zapis-na-priem/,/oblasti-primeneniya/dlya-meditsinskiy-uchrezhdeniy-zapis-na-priem/,/oblasti-primeneniya/dlya-meditsinskiy-uchrezhdeniy-zapis-na-priem,area,dlya-meditsinskiy-uchrezhdeniy-zapis-na-priem,Запись на прием к врачу,yes,yes,keep,"Путь совпадает с живым Bitrix (демо подтянуто). На Bitrix оставить как есть, meta в HTML сервера"
https://zorgtech.com/oblasti-primeneniya/dlya-meropriyatiy-i-vystavok-registratsiya-posetiteley/,/oblasti-primeneniya/dlya-meropriyatiy-i-vystavok-registratsiya-posetiteley/,/oblasti-primeneniya/dlya-meropriyatiy-i-vystavok-registratsiya-posetiteley,area,dlya-meropriyatiy-i-vystavok-registratsiya-posetiteley,Какие возможности дает система регистрации,yes,yes,keep,"Путь совпадает с живым Bitrix (демо подтянуто). На Bitrix оставить как есть, meta в HTML сервера"
https://zorgtech.com/oblasti-primeneniya/dlya-muzeev-virtualnaya-ekspozitsiya/,/oblasti-primeneniya/dlya-muzeev-virtualnaya-ekspozitsiya/,/oblasti-primeneniya/dlya-muzeev-virtualnaya-ekspozitsiya,area,dlya-muzeev-virtualnaya-ekspozitsiya,Возможности интерактивной системы для музеев,yes,yes,keep,"Путь совпадает с живым Bitrix (демо подтянуто). На Bitrix оставить как есть, meta в HTML сервера"
https://zorgtech.com/oblasti-primeneniya/dlya-promyshlennykh-predpriyatiy-avtomatizatsiya-biznesa/,/oblasti-primeneniya/dlya-promyshlennykh-predpriyatiy-avtomatizatsiya-biznesa/,/oblasti-primeneniya/dlya-promyshlennykh-predpriyatiy-avtomatizatsiya-biznesa,area,dlya-promyshlennykh-predpriyatiy-avtomatizatsiya-biznesa,Автоматизация работы с персоналом,yes,yes,keep,"Путь совпадает с живым Bitrix (демо подтянуто). На Bitrix оставить как есть, meta в HTML сервера"
https://zorgtech.com/oblasti-primeneniya/dlya-puteshestviy-interaktivnaya-turisticheskaya-sistema/,/oblasti-primeneniya/dlya-puteshestviy-interaktivnaya-turisticheskaya-sistema/,/oblasti-primeneniya/dlya-puteshestviy-interaktivnaya-turisticheskaya-sistema,area,dlya-puteshestviy-interaktivnaya-turisticheskaya-sistema,Интерактивная туристическая система,yes,yes,keep,"Путь совпадает с живым Bitrix (демо подтянуто). На Bitrix оставить как есть, meta в HTML сервера"
https://zorgtech.com/oblasti-primeneniya/dlya-strakhovykh-kompaniy-telemeditsina/,/oblasti-primeneniya/dlya-strakhovykh-kompaniy-telemeditsina/,/oblasti-primeneniya/dlya-strakhovykh-kompaniy-telemeditsina,area,dlya-strakhovykh-kompaniy-telemeditsina,Телемедицина - новые возможности диагностики и консультаций,yes,yes,keep,"Путь совпадает с живым Bitrix (демо подтянуто). На Bitrix оставить как есть, meta в HTML сервера"
https://zorgtech.com/oblasti-primeneniya/putevoditel-po-torgovym-tsentram/,/oblasti-primeneniya/putevoditel-po-torgovym-tsentram/,/oblasti-primeneniya/putevoditel-po-torgovym-tsentram,area,putevoditel-po-torgovym-tsentram,Интерактивная навигация Logicmap,yes,yes,keep,"Путь совпадает с живым Bitrix (демо подтянуто). На Bitrix оставить как есть, meta в HTML сервера"
https://zorgtech.com/oblasti-primeneniya/dlya-avtosalonov/,/oblasti-primeneniya/dlya-avtosalonov/,/oblasti-primeneniya/dlya-avtosalonov,area,dlya-avtosalonov,Для автосалонов - интерактивный консультант - купить сенсорное оборудование,yes,yes,keep,"Путь совпадает с живым Bitrix (демо подтянуто). На Bitrix оставить как есть, meta в HTML сервера"
https://zorgtech.com/about/,/about/,/about,page,about,"О Zorgtech - кто мы, производство, информация для партнеров и клиентов",yes,yes,keep,Путь совпадает — на Bitrix оставить как есть
https://zorgtech.com/contacts/,/contacts/,/contacts,page,contacts,Контакты,yes,yes,keep,Путь совпадает — на Bitrix оставить как есть
https://zorgtech.com/dostavka-i-servis/,/dostavka-i-servis/,/dostavka-i-servis,page,delivery,"Доставка сенсорных экранов в любой город России, Белоруссии и Казахстана",yes,yes,keep,"Путь совпадает с живым Bitrix (демо подтянуто). На Bitrix оставить как есть, meta в HTML сервера"
https://zorgtech.com/support/,/support/,/support,page,support,Гарантийное и пост гарантийное обслуживание,yes,yes,keep,Путь совпадает — на Bitrix оставить как есть
https://zorgtech.com/rent/,/rent/,/rent,page,rent,Аренда интерактивных сенсорных столов и информационных киосков в Москве и области,yes,yes,keep,Путь совпадает — на Bitrix оставить как есть
https://zorgtech.com/oblasti-primeneniya/,/oblasti-primeneniya/,/oblasti-primeneniya,page,areas,Области применения сенсорного интерактивного оборудования,yes,yes,keep,"Путь совпадает с живым Bitrix (демо подтянуто). На Bitrix оставить как есть, meta в HTML сервера"
https://zorgtech.com/policy,/policy/,/policy,page,policy,Политика конфиденциальности,no,yes,keep,Путь совпадает — на Bitrix оставить как есть
https://zorgtech.com/,/,/,page,home,Сенсорные столы и интерактивные киоски заказать от производителя и купить в Москве,no,yes,keep,Путь совпадает — на Bitrix оставить как есть
https://zorgtech.com/catalog/,/catalog/,/catalog,page,catalog,Продукция,yes,yes,keep,Путь совпадает — на Bitrix оставить как есть
https://zorgtech.com/blog/analytics/,/blog/analytics/,,blog,analytics,Аналитика от компании производителя интерактивных сенсорных экранов,yes,yes,keep-url-no-demo-page,"Есть на живом сайте, в демо страницы нет — URL нельзя терять"
https://zorgtech.com/blog/analytics/pochemu-tsifrovye-kioski-stanovyatsya-vse-bolee-vostrebovannymi/,/blog/analytics/pochemu-tsifrovye-kioski-stanovyatsya-vse-bolee-vostrebovannymi/,,blog,pochemu-tsifrovye-kioski-stanovyatsya-vse-bolee-vostrebovannymi,Почему цифровые киоски становятся все более востребованными,yes,yes,keep-url-no-demo-page,"Есть на живом сайте, в демо страницы нет — URL нельзя терять"
https://zorgtech.com/blog/analytics/zapis-k-vrachu-eto-ne-ispytanie-kak-tsifrovye-kioski-uluchshayut-otrasl-meditsiny/,/blog/analytics/zapis-k-vrachu-eto-ne-ispytanie-kak-tsifrovye-kioski-uluchshayut-otrasl-meditsiny/,,blog,zapis-k-vrachu-eto-ne-ispytanie-kak-tsifrovye-kioski-uluchshayut-otrasl-meditsiny,Запись к врачу - это не испытание. Как цифровые киоски улучшают отрасль медицины?,yes,yes,keep-url-no-demo-page,"Есть на живом сайте, в демо страницы нет — URL нельзя терять"
https://zorgtech.com/blog/analytics/effektivnyy-dizayn-interfeysa-interaktivnogo-kioska-nachinaetsya-s-ponimaniya-svoego-polzovatelya/,/blog/analytics/effektivnyy-dizayn-interfeysa-interaktivnogo-kioska-nachinaetsya-s-ponimaniya-svoego-polzovatelya/,,blog,effektivnyy-dizayn-interfeysa-interaktivnogo-kioska-nachinaetsya-s-ponimaniya-svoego-polzovatelya,Эффективный дизайн интерфейса интерактивного киоска начинается с «понимания своего пользователя»,yes,yes,keep-url-no-demo-page,"Есть на живом сайте, в демо страницы нет — URL нельзя терять"
https://zorgtech.com/blog/analytics/interaktivnye-sistemy-dlya-obrazovaniya/,/blog/analytics/interaktivnye-sistemy-dlya-obrazovaniya/,,blog,interaktivnye-sistemy-dlya-obrazovaniya,Интерактивные системы для образования,yes,yes,keep-url-no-demo-page,"Есть на живом сайте, в демо страницы нет — URL нельзя терять"
https://zorgtech.com/blog/analytics/tsifrovye-vyveski-vs-sensornye-kioski-bitva-kontseptsiy/,/blog/analytics/tsifrovye-vyveski-vs-sensornye-kioski-bitva-kontseptsiy/,,blog,tsifrovye-vyveski-vs-sensornye-kioski-bitva-kontseptsiy,"""Цифровые вывески"" vs. Сенсорные киоски: битва концепций",yes,yes,keep-url-no-demo-page,"Есть на живом сайте, в демо страницы нет — URL нельзя терять"
https://zorgtech.com/blog/analytics/detskie-igrovye-sensornye-terminaly/,/blog/analytics/detskie-igrovye-sensornye-terminaly/,,blog,detskie-igrovye-sensornye-terminaly,Детские игровые сенсорные терминалы,yes,yes,keep-url-no-demo-page,"Есть на живом сайте, в демо страницы нет — URL нельзя терять"
https://zorgtech.com/blog/analytics/detskiy-interaktivnyy-stol/,/blog/analytics/detskiy-interaktivnyy-stol/,,blog,detskiy-interaktivnyy-stol,Детский интерактивный стол,yes,yes,keep-url-no-demo-page,"Есть на живом сайте, в демо страницы нет — URL нельзя терять"
https://zorgtech.com/blog/analytics/elektronnyy-putevoditel-na-sluzhbe-vokzalov-i-aeroportov/,/blog/analytics/elektronnyy-putevoditel-na-sluzhbe-vokzalov-i-aeroportov/,,blog,elektronnyy-putevoditel-na-sluzhbe-vokzalov-i-aeroportov,Электронный путеводитель на службе вокзалов и аэропортов,yes,yes,keep-url-no-demo-page,"Есть на живом сайте, в демо страницы нет — URL нельзя терять"
https://zorgtech.com/blog/analytics/elektronnyy-konsultant-na-vystavkakh-i-konferentsiyakh/,/blog/analytics/elektronnyy-konsultant-na-vystavkakh-i-konferentsiyakh/,,blog,elektronnyy-konsultant-na-vystavkakh-i-konferentsiyakh,Электронный консультант на выставках и конференциях,yes,yes,keep-url-no-demo-page,"Есть на живом сайте, в демо страницы нет — URL нельзя терять"
https://zorgtech.com/blog/analytics/interaktivnaya-vystavka-dzhimmi-nelsona/,/blog/analytics/interaktivnaya-vystavka-dzhimmi-nelsona/,,blog,interaktivnaya-vystavka-dzhimmi-nelsona,Интерактивная выставка Джимми Нельсона,yes,yes,keep-url-no-demo-page,"Есть на живом сайте, в демо страницы нет — URL нельзя терять"
https://zorgtech.com/blog/analytics/informatsionno-spravochnye-terminaly/,/blog/analytics/informatsionno-spravochnye-terminaly/,,blog,informatsionno-spravochnye-terminaly,Информационно-справочные терминалы,yes,yes,keep-url-no-demo-page,"Есть на живом сайте, в демо страницы нет — URL нельзя терять"
https://zorgtech.com/blog/analytics/interaktivnaya-navigatsiya-v-torgovykh-tsentrakh/,/blog/analytics/interaktivnaya-navigatsiya-v-torgovykh-tsentrakh/,,blog,interaktivnaya-navigatsiya-v-torgovykh-tsentrakh,Интерактивная навигация в торговых центрах,yes,yes,keep-url-no-demo-page,"Есть на живом сайте, в демо страницы нет — URL нельзя терять"
https://zorgtech.com/blog/analytics/interaktivnyy-stol-dlya-doshkolnikov/,/blog/analytics/interaktivnyy-stol-dlya-doshkolnikov/,,blog,interaktivnyy-stol-dlya-doshkolnikov,Интерактивный стол для дошкольников,yes,yes,keep-url-no-demo-page,"Есть на живом сайте, в демо страницы нет — URL нельзя терять"
https://zorgtech.com/blog/analytics/interaktivnoe-oborudovanie/,/blog/analytics/interaktivnoe-oborudovanie/,,blog,interaktivnoe-oborudovanie,Интерактивное оборудование,yes,yes,keep-url-no-demo-page,"Есть на живом сайте, в демо страницы нет — URL нельзя терять"
https://zorgtech.com/blog/analytics/interaktivnye-sistemy/,/blog/analytics/interaktivnye-sistemy/,,blog,interaktivnye-sistemy,Интерактивные системы,yes,yes,keep-url-no-demo-page,"Есть на живом сайте, в демо страницы нет — URL нельзя терять"
https://zorgtech.com/blog/analytics/interaktivnyy-kiosk-kak-instrument-reklamy/,/blog/analytics/interaktivnyy-kiosk-kak-instrument-reklamy/,,blog,interaktivnyy-kiosk-kak-instrument-reklamy,Интерактивный киоск как инструмент рекламы,yes,yes,keep-url-no-demo-page,"Есть на живом сайте, в демо страницы нет — URL нельзя терять"
https://zorgtech.com/blog/analytics/interaktivnyy-obuchayushchiy-stol/,/blog/analytics/interaktivnyy-obuchayushchiy-stol/,,blog,interaktivnyy-obuchayushchiy-stol,Интерактивный обучающий стол,yes,yes,keep-url-no-demo-page,"Есть на живом сайте, в демо страницы нет — URL нельзя терять"
https://zorgtech.com/blog/analytics/kak-vybrat-sensornyy-kiosk/,/blog/analytics/kak-vybrat-sensornyy-kiosk/,,blog,kak-vybrat-sensornyy-kiosk,Как выбрать сенсорный киоск?,yes,yes,keep-url-no-demo-page,"Есть на живом сайте, в демо страницы нет — URL нельзя терять"
https://zorgtech.com/blog/analytics/kiosk-protiv-afishi-11-funktsiy-sensornogo-kioska-v-kinoteatre/,/blog/analytics/kiosk-protiv-afishi-11-funktsiy-sensornogo-kioska-v-kinoteatre/,,blog,kiosk-protiv-afishi-11-funktsiy-sensornogo-kioska-v-kinoteatre,Киоск против афиши. 11 функций сенсорного киоска в кинотеатре,yes,yes,keep-url-no-demo-page,"Есть на живом сайте, в демо страницы нет — URL нельзя терять"
https://zorgtech.com/blog/analytics/oborudovanie-dlya-prezentatsiy/,/blog/analytics/oborudovanie-dlya-prezentatsiy/,,blog,oborudovanie-dlya-prezentatsiy,Оборудование для презентаций,yes,yes,keep-url-no-demo-page,"Есть на живом сайте, в демо страницы нет — URL нельзя терять"
https://zorgtech.com/blog/analytics/passivnaya-ventilyatsiya-vse-za-i-za-/,/blog/analytics/passivnaya-ventilyatsiya-vse-za-i-za-/,,blog,passivnaya-ventilyatsiya-vse-za-i-za-,"Пассивная вентиляция. Все ""за"" и... ""за"".",yes,yes,keep-url-no-demo-page,"Есть на живом сайте, в демо страницы нет — URL нельзя терять"
https://zorgtech.com/blog/analytics/planshet-vmesto-obedennogo-stola/,/blog/analytics/planshet-vmesto-obedennogo-stola/,,blog,planshet-vmesto-obedennogo-stola,Планшет вместо обеденного стола,yes,yes,keep-url-no-demo-page,"Есть на живом сайте, в демо страницы нет — URL нельзя терять"
https://zorgtech.com/blog/analytics/polza-informatsionnykh-kioskov-dlya-poliklinik/,/blog/analytics/polza-informatsionnykh-kioskov-dlya-poliklinik/,,blog,polza-informatsionnykh-kioskov-dlya-poliklinik,Польза информационных киосков для поликлиник,yes,yes,keep-url-no-demo-page,"Есть на живом сайте, в демо страницы нет — URL нельзя терять"
https://zorgtech.com/blog/analytics/prezentatsionnoe-oborudovanie/,/blog/analytics/prezentatsionnoe-oborudovanie/,,blog,prezentatsionnoe-oborudovanie,Презентационное оборудование,yes,yes,keep-url-no-demo-page,"Есть на живом сайте, в демо страницы нет — URL нельзя терять"
https://zorgtech.com/blog/analytics/primenenie-informatsionnykh-sensornykh-kioskov-v-akvariumakh/,/blog/analytics/primenenie-informatsionnykh-sensornykh-kioskov-v-akvariumakh/,,blog,primenenie-informatsionnykh-sensornykh-kioskov-v-akvariumakh,Применение информационных сенсорных киосков в аквариумах,yes,yes,keep-url-no-demo-page,"Есть на живом сайте, в демо страницы нет — URL нельзя терять"
https://zorgtech.com/blog/analytics/primenenie-sensornykh-kioskov-v-muzeyakh/,/blog/analytics/primenenie-sensornykh-kioskov-v-muzeyakh/,,blog,primenenie-sensornykh-kioskov-v-muzeyakh,Применение сенсорных киосков в музеях,yes,yes,keep-url-no-demo-page,"Есть на живом сайте, в демо страницы нет — URL нельзя терять"
https://zorgtech.com/blog/analytics/tem-vremenem-za-okeanom-sensornye-kioski-na-strazhe-poryadka/,/blog/analytics/tem-vremenem-za-okeanom-sensornye-kioski-na-strazhe-poryadka/,,blog,tem-vremenem-za-okeanom-sensornye-kioski-na-strazhe-poryadka,"""Тем временем за океаном..."" Сенсорные киоски на страже порядка",yes,yes,keep-url-no-demo-page,"Есть на живом сайте, в демо страницы нет — URL нельзя терять"
https://zorgtech.com/blog/analytics/sensornye-kioski-rasshiryayut-granitsy/,/blog/analytics/sensornye-kioski-rasshiryayut-granitsy/,,blog,sensornye-kioski-rasshiryayut-granitsy,Сенсорные киоски расширяют границы,yes,yes,keep-url-no-demo-page,"Есть на живом сайте, в демо страницы нет — URL нельзя терять"
https://zorgtech.com/blog/analytics/sensornye-kioski-v-roznichnoy-torgovle/,/blog/analytics/sensornye-kioski-v-roznichnoy-torgovle/,,blog,sensornye-kioski-v-roznichnoy-torgovle,Сенсорные киоски в розничной торговле,yes,yes,keep-url-no-demo-page,"Есть на живом сайте, в демо страницы нет — URL нельзя терять"
https://zorgtech.com/blog/analytics/sensornye-kioski-diamant-sovety-po-ekspluatatsii-chast-1/,/blog/analytics/sensornye-kioski-diamant-sovety-po-ekspluatatsii-chast-1/,,blog,sensornye-kioski-diamant-sovety-po-ekspluatatsii-chast-1,Сенсорные киоски Diamant: советы по эксплуатации. Часть 1.,yes,yes,keep-url-no-demo-page,"Есть на живом сайте, в демо страницы нет — URL нельзя терять"
https://zorgtech.com/blog/analytics/vopros-desyatiletiya-steklo-ili-metall/,/blog/analytics/vopros-desyatiletiya-steklo-ili-metall/,,blog,vopros-desyatiletiya-steklo-ili-metall,Вопрос десятилетия: стекло или металл?,yes,yes,keep-url-no-demo-page,"Есть на живом сайте, в демо страницы нет — URL нельзя терять"
https://zorgtech.com/blog/analytics/interaktivnaya-stena-v-muzee-mod-antverpen-belgiya/,/blog/analytics/interaktivnaya-stena-v-muzee-mod-antverpen-belgiya/,,blog,interaktivnaya-stena-v-muzee-mod-antverpen-belgiya,"Интерактивная стена в Музее Мод (Антверпен, Бельгия)",yes,yes,keep-url-no-demo-page,"Есть на живом сайте, в демо страницы нет — URL нельзя терять"
https://zorgtech.com/blog/news/,/blog/news/,,blog,news,Новости компании - вся последняя информация об интерактивных сенсорных киосках,yes,yes,keep-url-no-demo-page,"Есть на живом сайте, в демо страницы нет — URL нельзя терять"
https://zorgtech.com/blog/news/istoriya-kompanii-zorgtech/,/blog/news/istoriya-kompanii-zorgtech/,,blog,istoriya-kompanii-zorgtech,История компании Zorgtech,yes,yes,keep-url-no-demo-page,"Есть на живом сайте, в демо страницы нет — URL нельзя терять"
https://zorgtech.com/blog/news/my-otkryli-svarochnyy-post/,/blog/news/my-otkryli-svarochnyy-post/,,blog,my-otkryli-svarochnyy-post,Мы открыли сварочный пост,yes,yes,keep-url-no-demo-page,"Есть на живом сайте, в демо страницы нет — URL нельзя терять"
https://zorgtech.com/blog/news/telemeditsina-dlya-vsekh/,/blog/news/telemeditsina-dlya-vsekh/,,blog,telemeditsina-dlya-vsekh,Телемедицина для всех,yes,yes,keep-url-no-demo-page,"Есть на живом сайте, в демо страницы нет — URL нельзя терять"
https://zorgtech.com/blog/news/detskie-sensornye-stoliki-eco/,/blog/news/detskie-sensornye-stoliki-eco/,,blog,detskie-sensornye-stoliki-eco,Детские сенсорные столики Eco,yes,yes,keep-url-no-demo-page,"Есть на живом сайте, в демо страницы нет — URL нельзя терять"
https://zorgtech.com/blog/news/yubiley-oiyai/,/blog/news/yubiley-oiyai/,,blog,yubiley-oiyai,Юбилей ОИЯИ,yes,yes,keep-url-no-demo-page,"Есть на живом сайте, в демо страницы нет — URL нельзя терять"
https://zorgtech.com/blog/news/sensornye-kioski-stali-chastyu-ekspozitsii-muzeya-zapovednika-stalingradskaya-bitva/,/blog/news/sensornye-kioski-stali-chastyu-ekspozitsii-muzeya-zapovednika-stalingradskaya-bitva/,,blog,sensornye-kioski-stali-chastyu-ekspozitsii-muzeya-zapovednika-stalingradskaya-bitva,Сенсорные киоски стали частью экспозиции музея-заповедника «Сталинградская битва»,yes,yes,keep-url-no-demo-page,"Есть на живом сайте, в демо страницы нет — URL нельзя терять"
https://zorgtech.com/blog/news/goryachaya-liniya-kachestva/,/blog/news/goryachaya-liniya-kachestva/,,blog,goryachaya-liniya-kachestva,Горячая линия качества,yes,yes,keep-url-no-demo-page,"Есть на живом сайте, в демо страницы нет — URL нельзя терять"
https://zorgtech.com/blog/news/diamant-55-dvustoronniy-eshche-bolshe-vozmozhnostey/,/blog/news/diamant-55-dvustoronniy-eshche-bolshe-vozmozhnostey/,,blog,diamant-55-dvustoronniy-eshche-bolshe-vozmozhnostey,Диамант 55 двусторонний - еще больше возможностей!,yes,yes,keep-url-no-demo-page,"Есть на живом сайте, в демо страницы нет — URL нельзя терять"
https://zorgtech.com/blog/news/vystavka-sport-2014/,/blog/news/vystavka-sport-2014/,,blog,vystavka-sport-2014,Выставка - Спорт 2014,yes,yes,keep-url-no-demo-page,"Есть на живом сайте, в демо страницы нет — URL нельзя терять"
https://zorgtech.com/blog/news/zorgtech-etarget-digital-october-/,/blog/news/zorgtech-etarget-digital-october-/,,blog,zorgtech-etarget-digital-october-,Zorgtech + Etarget + Digital October,yes,yes,keep-url-no-demo-page,"Есть на живом сайте, в демо страницы нет — URL нельзя терять"
https://zorgtech.com/blog/news/zorgtech-slon-ru-rif-kib/,/blog/news/zorgtech-slon-ru-rif-kib/,,blog,zorgtech-slon-ru-rif-kib,Zorgtech+Slon.ru+РИФ/КИБ,yes,yes,keep-url-no-demo-page,"Есть на живом сайте, в демо страницы нет — URL нельзя терять"
https://zorgtech.com/blog/news/snizhenie-tsen/,/blog/news/snizhenie-tsen/,,blog,snizhenie-tsen,Снижение цен,yes,yes,keep-url-no-demo-page,"Есть на живом сайте, в демо страницы нет — URL нельзя терять"
https://zorgtech.com/blog/news/distantsionnoe-bankovskoe-obsluzhivanie-mif-ili-realnost/,/blog/news/distantsionnoe-bankovskoe-obsluzhivanie-mif-ili-realnost/,,blog,distantsionnoe-bankovskoe-obsluzhivanie-mif-ili-realnost,Дистанционное банковское обслуживание – миф или реальность,yes,yes,keep-url-no-demo-page,"Есть на живом сайте, в демо страницы нет — URL нельзя терять"
https://zorgtech.com/blog/news/my-sovershenstvuemsya-v-zakaznykh-razrabotkakh/,/blog/news/my-sovershenstvuemsya-v-zakaznykh-razrabotkakh/,,blog,my-sovershenstvuemsya-v-zakaznykh-razrabotkakh,Мы совершенствуемся в заказных разработках,yes,yes,keep-url-no-demo-page,"Есть на живом сайте, в демо страницы нет — URL нельзя терять"
https://zorgtech.com/blog/news/proekt-s-kompaniey-dochki-synochki-prodolzhaetsya/,/blog/news/proekt-s-kompaniey-dochki-synochki-prodolzhaetsya/,,blog,proekt-s-kompaniey-dochki-synochki-prodolzhaetsya,Проект с компанией Дочки-Сыночки продолжается,yes,yes,keep-url-no-demo-page,"Есть на живом сайте, в демо страницы нет — URL нельзя терять"
https://zorgtech.com/blog/news/my-zapustili-novyy-sayt-kompanii-zorgtech/,/blog/news/my-zapustili-novyy-sayt-kompanii-zorgtech/,,blog,my-zapustili-novyy-sayt-kompanii-zorgtech,Мы запустили новый сайт компании Zorgtech,yes,yes,keep-url-no-demo-page,"Есть на живом сайте, в демо страницы нет — URL нельзя терять"
https://zorgtech.com/blog/news/partnerstvo-intel-i-zorgtech-/,/blog/news/partnerstvo-intel-i-zorgtech-/,,blog,partnerstvo-intel-i-zorgtech-,Партнерство Intel и Zorgtech,yes,yes,keep-url-no-demo-page,"Есть на живом сайте, в демо страницы нет — URL нельзя терять"
https://zorgtech.com/blog/news/72-godovshchina-pobedy-v-stalingradskoy-bitve/,/blog/news/72-godovshchina-pobedy-v-stalingradskoy-bitve/,,blog,72-godovshchina-pobedy-v-stalingradskoy-bitve,72 годовщина победы в Сталинградской битве,yes,yes,keep-url-no-demo-page,"Есть на живом сайте, в демо страницы нет — URL нельзя терять"
https://zorgtech.com/blog/news/interaktivnaya-stena-dlya-kompanii-gazprom/,/blog/news/interaktivnaya-stena-dlya-kompanii-gazprom/,,blog,interaktivnaya-stena-dlya-kompanii-gazprom,Интерактивная стена для компании «Газпром»,yes,yes,keep-url-no-demo-page,"Есть на живом сайте, в демо страницы нет — URL нельзя терять"
https://zorgtech.com/blog/news/novyy-sensornyy-kiosk/,/blog/news/novyy-sensornyy-kiosk/,,blog,novyy-sensornyy-kiosk,Новый сенсорный киоск,yes,yes,keep-url-no-demo-page,"Есть на живом сайте, в демо страницы нет — URL нельзя терять"
https://zorgtech.com/blog/news/navigatsionnye-sensornye-kioski-dlya-trk-columbus/,/blog/news/navigatsionnye-sensornye-kioski-dlya-trk-columbus/,,blog,navigatsionnye-sensornye-kioski-dlya-trk-columbus,Навигационные сенсорные киоски для ТРК «Columbus»,yes,yes,keep-url-no-demo-page,"Есть на живом сайте, в демо страницы нет — URL нельзя терять"
https://zorgtech.com/blog/news/zorgtech-uchastvuet-v-otkrytii-tsentralnogo-detskogo-magazin-tsdm-v-moskve/,/blog/news/zorgtech-uchastvuet-v-otkrytii-tsentralnogo-detskogo-magazin-tsdm-v-moskve/,,blog,zorgtech-uchastvuet-v-otkrytii-tsentralnogo-detskogo-magazin-tsdm-v-moskve,Zorgtech участвует в открытии Центрального детского магазин (ЦДМ) в Москве,yes,yes,keep-url-no-demo-page,"Есть на живом сайте, в демо страницы нет — URL нельзя терять"
https://zorgtech.com/blog/news/zorgtech-tekhnicheskiy-sponsor-plas-foruma-2015/,/blog/news/zorgtech-tekhnicheskiy-sponsor-plas-foruma-2015/,,blog,zorgtech-tekhnicheskiy-sponsor-plas-foruma-2015,ZORGTECH - технический спонсор ПЛАС-Форума 2015,yes,yes,keep-url-no-demo-page,"Есть на живом сайте, в демо страницы нет — URL нельзя терять"
https://zorgtech.com/blog/news/zorgtech-na-vystavke-gaz-neft-tekhnologii/,/blog/news/zorgtech-na-vystavke-gaz-neft-tekhnologii/,,blog,zorgtech-na-vystavke-gaz-neft-tekhnologii,"Zorgtech на выставке ""Газ. Нефть. Технологии""",yes,yes,keep-url-no-demo-page,"Есть на живом сайте, в демо страницы нет — URL нельзя терять"
https://zorgtech.com/blog/news/zorgtech-uchastvuet-v-meropriyatiyakh-posvyashchennykh-175-letnemu-yubileyu-petra-chaykovskogo-v-gor/,/blog/news/zorgtech-uchastvuet-v-meropriyatiyakh-posvyashchennykh-175-letnemu-yubileyu-petra-chaykovskogo-v-gor/,,blog,zorgtech-uchastvuet-v-meropriyatiyakh-posvyashchennykh-175-letnemu-yubileyu-petra-chaykovskogo-v-gor,"Zorgtech участвует в мероприятиях, посвященных 175-летнему юбилею Петра Чайковского в городе Клин",yes,yes,keep-url-no-demo-page,"Есть на живом сайте, в демо страницы нет — URL нельзя терять"
https://zorgtech.com/blog/news/novaya-razrabotka-kompanii-zorgtech/,/blog/news/novaya-razrabotka-kompanii-zorgtech/,,blog,novaya-razrabotka-kompanii-zorgtech,Новая разработка компании Zorgtech,yes,yes,keep-url-no-demo-page,"Есть на живом сайте, в демо страницы нет — URL нельзя терять"
https://zorgtech.com/blog/news/zorgtech-na-konferentsii-vstraivaemye-tekhnologii-2015/,/blog/news/zorgtech-na-konferentsii-vstraivaemye-tekhnologii-2015/,,blog,zorgtech-na-konferentsii-vstraivaemye-tekhnologii-2015,"Zorgtech на конференции ""Встраиваемые технологии 2015""",yes,yes,keep-url-no-demo-page,"Есть на живом сайте, в демо страницы нет — URL нельзя терять"
https://zorgtech.com/blog/news/vystavka-intermuzey-2015/,/blog/news/vystavka-intermuzey-2015/,,blog,vystavka-intermuzey-2015,"Выставка ""Интермузей 2015""",yes,yes,keep-url-no-demo-page,"Есть на живом сайте, в демо страницы нет — URL нельзя терять"
https://zorgtech.com/blog/news/novosti-iz-minska/,/blog/news/novosti-iz-minska/,,blog,novosti-iz-minska,Новости из Минска,yes,yes,keep-url-no-demo-page,"Есть на живом сайте, в демо страницы нет — URL нельзя терять"
https://zorgtech.com/blog/news/vystavka-v-minske/,/blog/news/vystavka-v-minske/,,blog,vystavka-v-minske,Выставка в Минске,yes,yes,keep-url-no-demo-page,"Есть на живом сайте, в демо страницы нет — URL нельзя терять"
https://zorgtech.com/blog/news/prazdnik-k-nam-prikhodit-/,/blog/news/prazdnik-k-nam-prikhodit-/,,blog,prazdnik-k-nam-prikhodit-,Праздник к нам приходит! :),yes,yes,keep-url-no-demo-page,"Есть на живом сайте, в демо страницы нет — URL нельзя терять"
https://zorgtech.com/blog/news/kompaniya-zorgtech-rasshiryaetsya/,/blog/news/kompaniya-zorgtech-rasshiryaetsya/,,blog,kompaniya-zorgtech-rasshiryaetsya,Компания Zorgtech расширяется!,yes,yes,keep-url-no-demo-page,"Есть на живом сайте, в демо страницы нет — URL нельзя терять"
https://zorgtech.com/blog/news/dizayn-i-reklama-snova-na-stsene/,/blog/news/dizayn-i-reklama-snova-na-stsene/,,blog,dizayn-i-reklama-snova-na-stsene,«Дизайн и реклама» - снова на сцене.,yes,yes,keep-url-no-demo-page,"Есть на живом сайте, в демо страницы нет — URL нельзя терять"
https://zorgtech.com/blog/news/konferentsiya-windows-embedded-day-vstraivaemye-tekhnologii-/,/blog/news/konferentsiya-windows-embedded-day-vstraivaemye-tekhnologii-/,,blog,konferentsiya-windows-embedded-day-vstraivaemye-tekhnologii-,Конференция «Windows Embedded Day» - «Встраиваемые технологии».,yes,yes,keep-url-no-demo-page,"Есть на живом сайте, в демо страницы нет — URL нельзя терять"
https://zorgtech.com/blog/news/sensornye-kioski-dlya-elektronnoy-priemnoy-prezidenta-rossiyskoy-federatsii/,/blog/news/sensornye-kioski-dlya-elektronnoy-priemnoy-prezidenta-rossiyskoy-federatsii/,,blog,sensornye-kioski-dlya-elektronnoy-priemnoy-prezidenta-rossiyskoy-federatsii,Сенсорные киоски для электронной приемной президента Российской Федерации,yes,yes,keep-url-no-demo-page,"Есть на живом сайте, в демо страницы нет — URL нельзя терять"
https://zorgtech.com/blog/news/sensornye-kioski-diamant-n-multitouch-v-tsarskom-sele/,/blog/news/sensornye-kioski-diamant-n-multitouch-v-tsarskom-sele/,,blog,sensornye-kioski-diamant-n-multitouch-v-tsarskom-sele,Сенсорные киоски Diamant N Multitouch в Царском Селе,yes,yes,keep-url-no-demo-page,"Есть на живом сайте, в демо страницы нет — URL нельзя терять"
https://zorgtech.com/blog/news/vystavka-moya-istoriya-ryurikovichi/,/blog/news/vystavka-moya-istoriya-ryurikovichi/,,blog,vystavka-moya-istoriya-ryurikovichi,Выставка - Моя история. Рюриковичи,yes,yes,keep-url-no-demo-page,"Есть на живом сайте, в демо страницы нет — URL нельзя терять"
https://zorgtech.com/blog/news/zavershilsya-moskovskiy-salon-obrazovaniya/,/blog/news/zavershilsya-moskovskiy-salon-obrazovaniya/,,blog,zavershilsya-moskovskiy-salon-obrazovaniya,"Завершился ""Московский салон образования""",yes,yes,keep-url-no-demo-page,"Есть на живом сайте, в демо страницы нет — URL нельзя терять"
https://zorgtech.com/blog/news/novoe-predstavitelstvo-zorgtech/,/blog/news/novoe-predstavitelstvo-zorgtech/,,blog,novoe-predstavitelstvo-zorgtech,Новое представительство Zorgtech,yes,yes,keep-url-no-demo-page,"Есть на живом сайте, в демо страницы нет — URL нельзя терять"
https://zorgtech.com/blog/news/russkaya-pravoslavnaya-tserkov-v-chisle-nashikh-klientov/,/blog/news/russkaya-pravoslavnaya-tserkov-v-chisle-nashikh-klientov/,,blog,russkaya-pravoslavnaya-tserkov-v-chisle-nashikh-klientov,Русская православная церковь в числе наших клиентов,yes,yes,keep-url-no-demo-page,"Есть на живом сайте, в демо страницы нет — URL нельзя терять"
https://zorgtech.com/blog/news/vystavka-reklama-2013/,/blog/news/vystavka-reklama-2013/,,blog,vystavka-reklama-2013,Выставка - Реклама 2013,yes,yes,keep-url-no-demo-page,"Есть на живом сайте, в демо страницы нет — URL нельзя терять"
https://zorgtech.com/blog/news/kioski-diamant-na-vystavke-pravoslavnaya-rus-romanovy/,/blog/news/kioski-diamant-na-vystavke-pravoslavnaya-rus-romanovy/,,blog,kioski-diamant-na-vystavke-pravoslavnaya-rus-romanovy,"Киоски Diamant на выставке ""Православная Русь. Романовы""",yes,yes,keep-url-no-demo-page,"Есть на живом сайте, в демо страницы нет — URL нельзя терять"
https://zorgtech.com/blog/news/vystavka-romanovy-prodlenie/,/blog/news/vystavka-romanovy-prodlenie/,,blog,vystavka-romanovy-prodlenie,Выставка - Романовы. Продление,yes,yes,keep-url-no-demo-page,"Есть на живом сайте, в демо страницы нет — URL нельзя терять"
https://zorgtech.com/blog/news/bal-okonchen-gasnet-svet/,/blog/news/bal-okonchen-gasnet-svet/,,blog,bal-okonchen-gasnet-svet,Бал окончен. Гаснет свет,yes,yes,keep-url-no-demo-page,"Есть на живом сайте, в демо страницы нет — URL нельзя терять"
https://zorgtech.com/blog/news/sensornyy-kiosk-dlya-fitnes-industrii/,/blog/news/sensornyy-kiosk-dlya-fitnes-industrii/,,blog,sensornyy-kiosk-dlya-fitnes-industrii,Сенсорный киоск для фитнес-индустрии,yes,yes,keep-url-no-demo-page,"Есть на живом сайте, в демо страницы нет — URL нельзя терять"
https://zorgtech.com/blog/news/proekt-umnyy-gorod-s-zorgtech/,/blog/news/proekt-umnyy-gorod-s-zorgtech/,,blog,proekt-umnyy-gorod-s-zorgtech,Проект Умный город с Zorgtech,yes,yes,keep-url-no-demo-page,"Есть на живом сайте, в демо страницы нет — URL нельзя терять"
https://zorgtech.com/blog/news/zorgtech-uchastvuet-v-sozdanii-promyshlennogo-klastera-bezopasnost-v-dubne/,/blog/news/zorgtech-uchastvuet-v-sozdanii-promyshlennogo-klastera-bezopasnost-v-dubne/,,blog,zorgtech-uchastvuet-v-sozdanii-promyshlennogo-klastera-bezopasnost-v-dubne,"Zorgtech участвует в создании Промышленного кластера ""Безопасность"" в Дубне.",yes,yes,keep-url-no-demo-page,"Есть на живом сайте, в демо страницы нет — URL нельзя терять"
https://zorgtech.com/blog/news/zorgtech-vystupila-tekhnologicheskim-partnerom-na-meropriyatii-video-konferentsiya-2018/,/blog/news/zorgtech-vystupila-tekhnologicheskim-partnerom-na-meropriyatii-video-konferentsiya-2018/,,blog,zorgtech-vystupila-tekhnologicheskim-partnerom-na-meropriyatii-video-konferentsiya-2018,Zorgtech выступила технологическим партнером на мероприятии Видео+Конференция 2018,yes,yes,keep-url-no-demo-page,"Есть на живом сайте, в демо страницы нет — URL нельзя терять"
https://zorgtech.com/blog/news/kak-uvelichit-prodazhi-v-fitnes-tsentrakh/,/blog/news/kak-uvelichit-prodazhi-v-fitnes-tsentrakh/,,blog,kak-uvelichit-prodazhi-v-fitnes-tsentrakh,Как увеличить продажи в фитнес центрах,yes,yes,keep-url-no-demo-page,"Есть на живом сайте, в демо страницы нет — URL нельзя терять"
https://zorgtech.com/blog/news/kuda-poyti-v-vykhodnye-tri-vpechatlyayushchikh-interaktivnykh-muzeya-moskvy/,/blog/news/kuda-poyti-v-vykhodnye-tri-vpechatlyayushchikh-interaktivnykh-muzeya-moskvy/,,blog,kuda-poyti-v-vykhodnye-tri-vpechatlyayushchikh-interaktivnykh-muzeya-moskvy,Куда пойти в выходные? Три впечатляющих интерактивных музея Москвы,yes,yes,keep-url-no-demo-page,"Есть на живом сайте, в демо страницы нет — URL нельзя терять"
https://zorgtech.com/blog/news/v-tulu-so-svoim-sensornym-kioskom/,/blog/news/v-tulu-so-svoim-sensornym-kioskom/,,blog,v-tulu-so-svoim-sensornym-kioskom,В Тулу со своим… сенсорным киоском,yes,yes,keep-url-no-demo-page,"Есть на живом сайте, в демо страницы нет — URL нельзя терять"
https://zorgtech.com/blog/news/interaktivnoe-oborudovanie-zorgtech-na-festivale-zodchestvo/,/blog/news/interaktivnoe-oborudovanie-zorgtech-na-festivale-zodchestvo/,,blog,interaktivnoe-oborudovanie-zorgtech-na-festivale-zodchestvo,"Интерактивное оборудование Zorgtech на фестивале ""Зодчество""",yes,yes,keep-url-no-demo-page,"Есть на живом сайте, в демо страницы нет — URL нельзя терять"
https://zorgtech.com/blog/news/3-prichiny-pochemu-sensornye-kioski-delayut-revolyutsiyu-v-prodazhakh-avtomobiley-/,/blog/news/3-prichiny-pochemu-sensornye-kioski-delayut-revolyutsiyu-v-prodazhakh-avtomobiley-/,,blog,3-prichiny-pochemu-sensornye-kioski-delayut-revolyutsiyu-v-prodazhakh-avtomobiley-,"3 причины, почему сенсорные киоски делают революцию в продажах автомобилей",yes,yes,keep-url-no-demo-page,"Есть на живом сайте, в демо страницы нет — URL нельзя терять"
https://zorgtech.com/blog/news/onlayn-portal-mezhdu-moskvoy-i-tuloy/,/blog/news/onlayn-portal-mezhdu-moskvoy-i-tuloy/,,blog,onlayn-portal-mezhdu-moskvoy-i-tuloy,Онлайн-портал между Москвой и Тулой,yes,yes,keep-url-no-demo-page,"Есть на живом сайте, в демо страницы нет — URL нельзя терять"
https://zorgtech.com/blog/news/proekt-tula-moskva-v-programme-vecherniy-urgant/,/blog/news/proekt-tula-moskva-v-programme-vecherniy-urgant/,,blog,proekt-tula-moskva-v-programme-vecherniy-urgant,Проект Тула-Москва в программе Вечерний Ургант,yes,yes,keep-url-no-demo-page,"Есть на живом сайте, в демо страницы нет — URL нельзя терять"
https://zorgtech.com/blog/news/tekhnologii-i-trendy-budushchego-terminaly-zaryadnykh-stantsiy-dlya-elektromobiley/,/blog/news/tekhnologii-i-trendy-budushchego-terminaly-zaryadnykh-stantsiy-dlya-elektromobiley/,,blog,tekhnologii-i-trendy-budushchego-terminaly-zaryadnykh-stantsiy-dlya-elektromobiley,Технологии и тренды будущего: терминалы зарядных станций для электромобилей,yes,yes,keep-url-no-demo-page,"Есть на живом сайте, в демо страницы нет — URL нельзя терять"
https://zorgtech.com/blog/news/a-vot-u-nikh-turizm-v-indii-i-sensornye-kioski/,/blog/news/a-vot-u-nikh-turizm-v-indii-i-sensornye-kioski/,,blog,a-vot-u-nikh-turizm-v-indii-i-sensornye-kioski,"""А вот у них..."" Туризм в Индии и сенсорные киоски",yes,yes,keep-url-no-demo-page,"Есть на живом сайте, в демо страницы нет — URL нельзя терять"
https://zorgtech.com/blog/news/priklyucheniya-kioskov-diamant-v-kazakhstane-chast-1/,/blog/news/priklyucheniya-kioskov-diamant-v-kazakhstane-chast-1/,,blog,priklyucheniya-kioskov-diamant-v-kazakhstane-chast-1,Приключения киосков Diamant в Казахстане. Часть 1.,yes,yes,keep-url-no-demo-page,"Есть на живом сайте, в демо страницы нет — URL нельзя терять"
https://zorgtech.com/blog/news/testy-novoy-operatsionnoy-sistemy/,/blog/news/testy-novoy-operatsionnoy-sistemy/,,blog,testy-novoy-operatsionnoy-sistemy,Тесты новой операционной системы,yes,yes,keep-url-no-demo-page,"Есть на живом сайте, в демо страницы нет — URL нельзя терять"
https://zorgtech.com/blog/news/vystavka-integrated-systems-russia-zakhodite/,/blog/news/vystavka-integrated-systems-russia-zakhodite/,,blog,vystavka-integrated-systems-russia-zakhodite,Выставка Integrated Systems Russia. Заходите!,yes,yes,keep-url-no-demo-page,"Есть на живом сайте, в демо страницы нет — URL нельзя терять"
https://zorgtech.com/blog/news/testiruem-novuyu-programmu/,/blog/news/testiruem-novuyu-programmu/,,blog,testiruem-novuyu-programmu,Тестируем новую программу,yes,yes,keep-url-no-demo-page,"Есть на живом сайте, в демо страницы нет — URL нельзя терять"
https://zorgtech.com/blog/news/nachinaem-pokoryat-ulitsu/,/blog/news/nachinaem-pokoryat-ulitsu/,,blog,nachinaem-pokoryat-ulitsu,Начинаем покорять улицу,yes,yes,keep-url-no-demo-page,"Есть на живом сайте, в демо страницы нет — URL нельзя терять"
https://zorgtech.com/blog/news/vystavka-reklama-2013-khorosho-prostavilis/,/blog/news/vystavka-reklama-2013-khorosho-prostavilis/,,blog,vystavka-reklama-2013-khorosho-prostavilis,"Выставка ""Реклама 2013"". Хорошо проставились",yes,yes,keep-url-no-demo-page,"Есть на живом сайте, в демо страницы нет — URL нельзя терять"
https://zorgtech.com/blog/news/sensornye-kioski-diamant-pokoryayut-kazakhstan/,/blog/news/sensornye-kioski-diamant-pokoryayut-kazakhstan/,,blog,sensornye-kioski-diamant-pokoryayut-kazakhstan,Сенсорные киоски Diamant покоряют Казахстан,yes,yes,keep-url-no-demo-page,"Есть на живом сайте, в демо страницы нет — URL нельзя терять"
https://zorgtech.com/blog/news/zhdem-vas-na-vystavke-reklama-2013-/,/blog/news/zhdem-vas-na-vystavke-reklama-2013-/,,blog,zhdem-vas-na-vystavke-reklama-2013-,"Ждем Вас на выставке ""Реклама-2013""!",yes,yes,keep-url-no-demo-page,"Есть на живом сайте, в демо страницы нет — URL нельзя терять"
https://zorgtech.com/blog/news/sensornyy-kiosk-diamant-55-dvustoronniy-ambitsiozno/,/blog/news/sensornyy-kiosk-diamant-55-dvustoronniy-ambitsiozno/,,blog,sensornyy-kiosk-diamant-55-dvustoronniy-ambitsiozno,Сенсорный киоск Diamant 55” двусторонний. Амбициозно!,yes,yes,keep-url-no-demo-page,"Есть на живом сайте, в демо страницы нет — URL нельзя терять"
https://zorgtech.com/blog/news/informatsionnye-kioski-zorgtech-otlichnoe-reshenie-dlya-navigatsii/,/blog/news/informatsionnye-kioski-zorgtech-otlichnoe-reshenie-dlya-navigatsii/,,blog,informatsionnye-kioski-zorgtech-otlichnoe-reshenie-dlya-navigatsii,Информационные киоски Zorgtech - отличное решение для навигации,yes,yes,keep-url-no-demo-page,"Есть на живом сайте, в демо страницы нет — URL нельзя терять"
https://zorgtech.com/blog/news/infokioski-bibliotechnogo-fonda/,/blog/news/infokioski-bibliotechnogo-fonda/,,blog,infokioski-bibliotechnogo-fonda,Инфокиоски библиотечного фонда,yes,yes,keep-url-no-demo-page,"Есть на живом сайте, в демо страницы нет — URL нельзя терять"
https://zorgtech.com/blog/news/s-nastupayushchim-novym-godom-i-rozhdestvom/,/blog/news/s-nastupayushchim-novym-godom-i-rozhdestvom/,,blog,s-nastupayushchim-novym-godom-i-rozhdestvom,С наступающим Новым Годом и Рождеством!,yes,yes,keep-url-no-demo-page,"Есть на живом сайте, в демо страницы нет — URL нельзя терять"
https://zorgtech.com/blog/news/vnimanie-aktsiya/,/blog/news/vnimanie-aktsiya/,,blog,vnimanie-aktsiya,Внимание! Акция!,yes,yes,keep-url-no-demo-page,"Есть на живом сайте, в демо страницы нет — URL нельзя терять"
https://zorgtech.com/blog/news/my-zapuskaem-novuyu-model/,/blog/news/my-zapuskaem-novuyu-model/,,blog,my-zapuskaem-novuyu-model,Мы запускаем новую модель!,yes,yes,keep-url-no-demo-page,"Есть на живом сайте, в демо страницы нет — URL нельзя терять"
https://zorgtech.com/blog/news/vystavka-integrated-systems-russia/,/blog/news/vystavka-integrated-systems-russia/,,blog,vystavka-integrated-systems-russia,Выставка Integrated Systems Russia,yes,yes,keep-url-no-demo-page,"Есть на живом сайте, в демо страницы нет — URL нельзя терять"
https://zorgtech.com/blog/news/sensornye-stoly-vstrechayte/,/blog/news/sensornye-stoly-vstrechayte/,,blog,sensornye-stoly-vstrechayte,Сенсорные столы - встречайте!,yes,yes,keep-url-no-demo-page,"Есть на живом сайте, в демо страницы нет — URL нельзя терять"
https://zorgtech.com/blog/news/sensornye-kioski-diamant-na-vystavke-sport-ne-upustite-shans-uvidet/,/blog/news/sensornye-kioski-diamant-na-vystavke-sport-ne-upustite-shans-uvidet/,,blog,sensornye-kioski-diamant-na-vystavke-sport-ne-upustite-shans-uvidet,"Сенсорные киоски Diamant на выставке ""Спорт"": не упустите шанс увидеть!",yes,yes,keep-url-no-demo-page,"Есть на живом сайте, в демо страницы нет — URL нельзя терять"
https://zorgtech.com/blog/news/vystavka-dizayn-i-reklama/,/blog/news/vystavka-dizayn-i-reklama/,,blog,vystavka-dizayn-i-reklama,"Выставка ""Дизайн и реклама""",yes,yes,keep-url-no-demo-page,"Есть на живом сайте, в демо страницы нет — URL нельзя терять"
https://zorgtech.com/blog/news/kioski-zorgtech-na-vystake-mips/,/blog/news/kioski-zorgtech-na-vystake-mips/,,blog,kioski-zorgtech-na-vystake-mips,Киоски Zorgtech на выстаке MIPS,yes,yes,keep-url-no-demo-page,"Есть на живом сайте, в демо страницы нет — URL нельзя терять"
https://zorgtech.com/blog/news/testy-novoy-kompyuternoy-platformy/,/blog/news/testy-novoy-kompyuternoy-platformy/,,blog,testy-novoy-kompyuternoy-platformy,Тесты новой компьютерной платформы,yes,yes,keep-url-no-demo-page,"Есть на живом сайте, в демо страницы нет — URL нельзя терять"
https://zorgtech.com/blog/news/zorgtech-na-plas-forume/,/blog/news/zorgtech-na-plas-forume/,,blog,zorgtech-na-plas-forume,Zorgtech на ПЛАС-Форуме,yes,yes,keep-url-no-demo-page,"Есть на живом сайте, в демо страницы нет — URL нельзя терять"
https://zorgtech.com/blog/news/mezhdunarodnyy-salon-obrazovaniya/,/blog/news/mezhdunarodnyy-salon-obrazovaniya/,,blog,mezhdunarodnyy-salon-obrazovaniya,Международный салон образования,yes,yes,keep-url-no-demo-page,"Есть на живом сайте, в демо страницы нет — URL нельзя терять"
https://zorgtech.com/blog/news/turisticheskaya-vystavka-innovatsii-i-tekhnologii/,/blog/news/turisticheskaya-vystavka-innovatsii-i-tekhnologii/,,blog,turisticheskaya-vystavka-innovatsii-i-tekhnologii,Туристическая выставка. Инновации и технологии.,yes,yes,keep-url-no-demo-page,"Есть на живом сайте, в демо страницы нет — URL нельзя терять"
https://zorgtech.com/blog/news/vystavka-travel-winter-it-world/,/blog/news/vystavka-travel-winter-it-world/,,blog,vystavka-travel-winter-it-world,Выставка Travel Winter IT World,yes,yes,keep-url-no-demo-page,"Есть на живом сайте, в демо страницы нет — URL нельзя терять"
https://zorgtech.com/blog/news/kiosk-diamant-46-multitouch-na-vystavke-turbiznes-2014-v-minske/,/blog/news/kiosk-diamant-46-multitouch-na-vystavke-turbiznes-2014-v-minske/,,blog,kiosk-diamant-46-multitouch-na-vystavke-turbiznes-2014-v-minske,"Киоск Diamant 46 Multitouch на выставке ""Турбизнес 2014"" в Минске",yes,yes,keep-url-no-demo-page,"Есть на живом сайте, в демо страницы нет — URL нельзя терять"
https://zorgtech.com/blog/news/vystavka-kinorynok/,/blog/news/vystavka-kinorynok/,,blog,vystavka-kinorynok,"Выставка ""Кинорынок""",yes,yes,keep-url-no-demo-page,"Есть на живом сайте, в демо страницы нет — URL нельзя терять"
https://zorgtech.com/blog/news/zorgtech-obyavlyaet-antikrizisnoe-padenie-tsen/,/blog/news/zorgtech-obyavlyaet-antikrizisnoe-padenie-tsen/,,blog,zorgtech-obyavlyaet-antikrizisnoe-padenie-tsen,ZORGTECH объявляет антикризисное падение цен!,yes,yes,keep-url-no-demo-page,"Есть на живом сайте, в демо страницы нет — URL нельзя терять"
https://zorgtech.com/blog/news/diamant-na-vystavke-svadebnyy-salon-v-minske-2015/,/blog/news/diamant-na-vystavke-svadebnyy-salon-v-minske-2015/,,blog,diamant-na-vystavke-svadebnyy-salon-v-minske-2015,Diamant на выставке «Свадебный салон в Минске - 2015»,yes,yes,keep-url-no-demo-page,"Есть на живом сайте, в демо страницы нет — URL нельзя терять"
https://zorgtech.com/blog/news/kioski-zorgtech-na-vystavke-v-permi/,/blog/news/kioski-zorgtech-na-vystavke-v-permi/,,blog,kioski-zorgtech-na-vystavke-v-permi,Киоски Zorgtech на выставке в Перми,yes,yes,keep-url-no-demo-page,"Есть на живом сайте, в демо страницы нет — URL нельзя терять"
https://zorgtech.com/blog/news/prazdnik-k-nam-prikhoditt/,/blog/news/prazdnik-k-nam-prikhoditt/,,blog,prazdnik-k-nam-prikhoditt,Праздник к нам приходит!,yes,yes,keep-url-no-demo-page,"Есть на живом сайте, в демо страницы нет — URL нельзя терять"
https://zorgtech.com/blog/news/sensornye-kioski-diamant-na-vystavke-isr/,/blog/news/sensornye-kioski-diamant-na-vystavke-isr/,,blog,sensornye-kioski-diamant-na-vystavke-isr,Сенсорные киоски Diamant на выставке ISR,yes,yes,keep-url-no-demo-page,"Есть на живом сайте, в демо страницы нет — URL нельзя терять"
https://zorgtech.com/blog/news/soturdnichestvo-zorgtech-i-biolink-solutions/,/blog/news/soturdnichestvo-zorgtech-i-biolink-solutions/,,blog,soturdnichestvo-zorgtech-i-biolink-solutions,Сотрудничество Zorgtech и BioLink Solutions,yes,yes,keep-url-no-demo-page,"Есть на живом сайте, в демо страницы нет — URL нельзя терять"
https://zorgtech.com/blog/news/kompaniya-zorgtech-poluchila-status-gold-partner-kompanii-intel/,/blog/news/kompaniya-zorgtech-poluchila-status-gold-partner-kompanii-intel/,,blog,kompaniya-zorgtech-poluchila-status-gold-partner-kompanii-intel,Компания Zorgtech получила статус Gold Partner компании Intel,yes,yes,keep-url-no-demo-page,"Есть на живом сайте, в демо страницы нет — URL нельзя терять"
https://zorgtech.com/blog/news/novye-modeli-sensornykh-kioskov-zorgtech/,/blog/news/novye-modeli-sensornykh-kioskov-zorgtech/,,blog,novye-modeli-sensornykh-kioskov-zorgtech,Новые модели сенсорных киосков Zorgtech,yes,yes,keep-url-no-demo-page,"Есть на живом сайте, в демо страницы нет — URL нельзя терять"
https://zorgtech.com/blog/news/modernizatsiya-sistemnogo-bloka-sensornykh-kioskov/,/blog/news/modernizatsiya-sistemnogo-bloka-sensornykh-kioskov/,,blog,modernizatsiya-sistemnogo-bloka-sensornykh-kioskov,Модернизация системного блока сенсорных киосков,yes,yes,keep-url-no-demo-page,"Есть на живом сайте, в демо страницы нет — URL нельзя терять"
https://zorgtech.com/blog/news/novaya-programmnaya-razrabotka-dlya-vebkamer/,/blog/news/novaya-programmnaya-razrabotka-dlya-vebkamer/,,blog,novaya-programmnaya-razrabotka-dlya-vebkamer,Новая программная разработка для вебкамер,yes,yes,keep-url-no-demo-page,"Есть на живом сайте, в демо страницы нет — URL нельзя терять"
https://zorgtech.com/blog/news/diamant-na-vystavke-horeca-retailtech-2015-g-minsk/,/blog/news/diamant-na-vystavke-horeca-retailtech-2015-g-minsk/,,blog,diamant-na-vystavke-horeca-retailtech-2015-g-minsk,"Diamant на выставке «HoReCa. RetailTech – 2015», г. Минск",yes,yes,keep-url-no-demo-page,"Есть на живом сайте, в демо страницы нет — URL нельзя терять"
https://zorgtech.com/blog/news/sensornyy-kiosk-diamant-n-na-vystavke-nais-ca/,/blog/news/sensornyy-kiosk-diamant-n-na-vystavke-nais-ca/,,blog,sensornyy-kiosk-diamant-n-na-vystavke-nais-ca,Сенсорный киоск DIAMANT N на выставке «NAIS&CA»,yes,yes,keep-url-no-demo-page,"Есть на живом сайте, в демо страницы нет — URL нельзя терять"
https://zorgtech.com/blog/analytics/budushchee-kioskov-v-gostinichnom-biznese/,/blog/analytics/budushchee-kioskov-v-gostinichnom-biznese/,,blog,budushchee-kioskov-v-gostinichnom-biznese,Будущее киосков в гостиничном бизнесе,no,yes,keep-url-no-demo-page,"Есть на живом сайте, в демо страницы нет — URL нельзя терять"
https://zorgtech.com/blog/analytics/dizayn-polzovatelskogo-interfeysa-dlya-kioskov/,/blog/analytics/dizayn-polzovatelskogo-interfeysa-dlya-kioskov/,,blog,dizayn-polzovatelskogo-interfeysa-dlya-kioskov,Дизайн пользовательского интерфейса для киосков,no,yes,keep-url-no-demo-page,"Есть на живом сайте, в демо страницы нет — URL нельзя терять"
https://zorgtech.com/blog/analytics/ispolzovanie-analitiki-kioskov-dlya-uluchsheniya-biznes-operatsiy/,/blog/analytics/ispolzovanie-analitiki-kioskov-dlya-uluchsheniya-biznes-operatsiy/,,blog,ispolzovanie-analitiki-kioskov-dlya-uluchsheniya-biznes-operatsiy,Использование аналитики киосков для улучшения бизнес-операций,no,yes,keep-url-no-demo-page,"Есть на живом сайте, в демо страницы нет — URL нельзя терять"
https://zorgtech.com/blog/analytics/kak-obsluzhivat-kiosk-kotoryy-perestal-rabotat/,/blog/analytics/kak-obsluzhivat-kiosk-kotoryy-perestal-rabotat/,,blog,kak-obsluzhivat-kiosk-kotoryy-perestal-rabotat,"Как обслуживать киоск, который перестал работать?",no,yes,keep-url-no-demo-page,"Есть на живом сайте, в демо страницы нет — URL нельзя терять"
https://zorgtech.com/blog/analytics/luchshie-praktiki-pri-dostavke-kioskov/,/blog/analytics/luchshie-praktiki-pri-dostavke-kioskov/,,blog,luchshie-praktiki-pri-dostavke-kioskov,Лучшие практики при доставке киосков,no,yes,keep-url-no-demo-page,"Есть на живом сайте, в демо страницы нет — URL нельзя терять"
https://zorgtech.com/blog/analytics/obespechenie-nadezhnosti-kak-my-testiruem-nashi-ulichnye-kioski/,/blog/analytics/obespechenie-nadezhnosti-kak-my-testiruem-nashi-ulichnye-kioski/,,blog,obespechenie-nadezhnosti-kak-my-testiruem-nashi-ulichnye-kioski,Обеспечение надежности: как мы тестируем наши уличные киоски,no,yes,keep-url-no-demo-page,"Есть на живом сайте, в демо страницы нет — URL нельзя терять"
https://zorgtech.com/blog/analytics/sotrudnichestvo-s-nadezhnoy-kompaniey-po-ustanovke-programm-dlya-kioskov-i-displeev/,/blog/analytics/sotrudnichestvo-s-nadezhnoy-kompaniey-po-ustanovke-programm-dlya-kioskov-i-displeev/,,blog,sotrudnichestvo-s-nadezhnoy-kompaniey-po-ustanovke-programm-dlya-kioskov-i-displeev,Сотрудничество с надежной компанией по установке программ для киосков и дисплеев,no,yes,keep-url-no-demo-page,"Есть на живом сайте, в демо страницы нет — URL нельзя терять"
https://zorgtech.com/blog/analytics/sredniy-srok-izgotovleniya-krupnykh-kioskov/,/blog/analytics/sredniy-srok-izgotovleniya-krupnykh-kioskov/,,blog,sredniy-srok-izgotovleniya-krupnykh-kioskov,Средний срок изготовления крупных киосков,no,yes,keep-url-no-demo-page,"Есть на живом сайте, в демо страницы нет — URL нельзя терять"
https://zorgtech.com/blog/analytics/tsena-isklyucheniya-kioskov-samoobsluzhivaniya-iz-vashey-strategii/,/blog/analytics/tsena-isklyucheniya-kioskov-samoobsluzhivaniya-iz-vashey-strategii/,,blog,tsena-isklyucheniya-kioskov-samoobsluzhivaniya-iz-vashey-strategii,Цена исключения киосков самообслуживания из вашей стратегии,no,yes,keep-url-no-demo-page,"Есть на живом сайте, в демо страницы нет — URL нельзя терять"
https://zorgtech.com/blog/analytics/varianty-blokirovki-dlya-kioskov-i-displeev/,/blog/analytics/varianty-blokirovki-dlya-kioskov-i-displeev/,,blog,varianty-blokirovki-dlya-kioskov-i-displeev,Варианты блокировки для киосков и дисплеев,no,yes,keep-url-no-demo-page,"Есть на живом сайте, в демо страницы нет — URL нельзя терять"
https://zorgtech.com/blog/,/blog/,,sitemap-blog,blog,,yes,no,keep-url-not-in-demo,"В sitemap живого сайта, в скрейпе/демо нет — URL нельзя терять"
https://zorgtech.com/catalog/agat-5/,/catalog/agat-5/,,sitemap-catalog,agat-5,,yes,no,keep-url-not-in-demo,"В sitemap живого сайта, в скрейпе/демо нет — URL нельзя терять"
https://zorgtech.com/catalog/diamant-intercon/,/catalog/diamant-intercon/,/catalog/product/diamant-intercon,sitemap-catalog,diamant-intercon,,yes,no,keep-live-with-demo-redirect,"В sitemap старый CHPU /catalog/{slug}/. В демо редирект на /catalog/product/{slug}. На Bitrix канон — /catalog/product/{slug}/, старый URL лучше 301"
https://zorgtech.com/catalog/diamant-outdoor/,/catalog/diamant-outdoor/,,sitemap-catalog,diamant-outdoor,,yes,no,keep-url-not-in-demo,"В sitemap живого сайта, в скрейпе/демо нет — URL нельзя терять"
https://zorgtech.com/catalog/diamant-tmedical/,/catalog/diamant-tmedical/,/catalog/product/diamant-tmedical,sitemap-catalog,diamant-tmedical,,yes,no,keep-live-with-demo-redirect,"В sitemap старый CHPU /catalog/{slug}/. В демо редирект на /catalog/product/{slug}. На Bitrix канон — /catalog/product/{slug}/, старый URL лучше 301"
https://zorgtech.com/catalog/diamant/,/catalog/diamant/,,sitemap-catalog,diamant,,yes,no,keep-url-not-in-demo,"В sitemap живого сайта, в скрейпе/демо нет — URL нельзя терять"
https://zorgtech.com/catalog/diamant2/,/catalog/diamant2/,,sitemap-catalog,diamant2,,yes,no,keep-url-not-in-demo,"В sitemap живого сайта, в скрейпе/демо нет — URL нельзя терять"
https://zorgtech.com/catalog/diamant3/,/catalog/diamant3/,,sitemap-catalog,diamant3,,yes,no,keep-url-not-in-demo,"В sitemap живого сайта, в скрейпе/демо нет — URL нельзя терять"
https://zorgtech.com/catalog/eco-kid/,/catalog/eco-kid/,,sitemap-catalog,eco-kid,,yes,no,keep-url-not-in-demo,"В sitemap живого сайта, в скрейпе/демо нет — URL нельзя терять"
https://zorgtech.com/catalog/mono/,/catalog/mono/,,sitemap-catalog,mono,,yes,no,keep-url-not-in-demo,"В sitemap живого сайта, в скрейпе/демо нет — URL нельзя терять"
https://zorgtech.com/catalog/soft/,/catalog/soft/,,sitemap-catalog,soft,,yes,no,keep-url-not-in-demo,"В sitemap живого сайта, в скрейпе/демо нет — URL нельзя терять"
https://zorgtech.com/gotovye-resheniya/,/gotovye-resheniya/,/gotovye-resheniya,sitemap-gotovye-resheniya,gotovye-resheniya,,yes,no,keep-url-not-in-demo,"В sitemap живого сайта, в скрейпе/демо нет — URL нельзя терять"
https://zorgtech.com/realizovanye-proekty/,/realizovanye-proekty/,/realizovanye-proekty,sitemap-realizovanye-proekty,realizovanye-proekty,,yes,no,keep-url-not-in-demo,"В sitemap живого сайта, в скрейпе/демо нет — URL нельзя терять"
https://zorgtech.com/realizovanye-proekty/interaktivnaya-navigatsiya-logicmap-v-trk-zanevskiy-kaskad/,/realizovanye-proekty/interaktivnaya-navigatsiya-logicmap-v-trk-zanevskiy-kaskad/,,sitemap-realizovanye-proekty,interaktivnaya-navigatsiya-logicmap-v-trk-zanevskiy-kaskad,,yes,no,keep-url-not-in-demo,"В sitemap живого сайта, в скрейпе/демо нет — URL нельзя терять"
https://zorgtech.com/realizovanye-proekty/interaktivnaya-vystavka-pravoslavnaya-rus-romanovy-g-moskva/,/realizovanye-proekty/interaktivnaya-vystavka-pravoslavnaya-rus-romanovy-g-moskva/,,sitemap-realizovanye-proekty,interaktivnaya-vystavka-pravoslavnaya-rus-romanovy-g-moskva,,yes,no,keep-url-not-in-demo,"В sitemap живого сайта, в скрейпе/демо нет — URL нельзя терять"
,,/dealers,new,dealers,Дилерам,no,no,new-in-demo,Новая страница. Можно добавить. Портал — noindex
,,/dealers/portal,new,dealers-portal,Портал дилера,no,no,dropped,Раздел снят из демо. В демо редирект на /dealers
